Refcodes,Delta_conformational_energy(kJ/mol),components
ABADIS01_ABADIS,0.5770533942492193,1_1
ABEFUJ01_ABEFUJ,15.30637619522679,1_1
ABEYOY01_ABEYOY,2.289094685217151,1_1
ABIZAP01_ABIZAP,2.625472234285553e-05,1_1
ACAPIE01_ACAPIE,0.00036757029158707155,1_1
ACRDIN05_ACRDIN06,0.00018903609026210688,2_1
ACULIV01_ACULIV,2.8232211538434626,1_1
ADIPAC05_ADIPAC12,0.03848983008788309,2_2
AGAQUW01_AGAQUW,0.03295002517052126,1_1
AGOQEU01_AGOQEU,8.926695142008612e-05,1_2
AHAPEG01_AHAPEG,0.00018378484730874334,1_1
AHEGEZ01_AHEGEZ,5.2510041655295936e-05,1_1
AMEXOH01_AMEXOH,11.231109226387105,1_1
AMOCMS10_AMOCMS11,17.37891963998777,1_1
AMUBIV02_AMUBIV,3.4131736015297065e-05,1_1
ANISAZ05_ANISAZ07,0.9478422569046643,1_1
ANONEX01_ANONEX02,6.133036725230795,1_1
ANONEX01_ANONEX,3.9103934454935825,2_1
ANONEX02_ANONEX,6.133141745314106,1_1
ANUKAW01_ANUKAW,0.0,1_1
APGPAL01_APGPAL,32.139926975385606,1_1
APLYSU10_APLYSU11,7.876536096773634e-05,1_1
APUDEV01_APUDEV,40.44863678540355,1_1
APUQOT01_APUQOT,0.5278830278971327,1_1
AQEMIT02_AQEMIT,0.0,1_1
ATIWOP01_ATIWOP,2.3193141900125056,1_1
AWIHUK01_AWIHUK,1.0447914696246698,1_1
AYEDUD01_AYEDUD,0.0,1_1
AZADAG01_AZADAG02,0.0003675696946174867,2_1
AZADAG01_AZADAG,11.152205075065126,1_1
AZADAG02_AZADAG,11.15204754494016,1_1
AZAFAJ01_AZAFAJ,0.023471970113860152,1_2
AZAJAN01_AZAJAN,3.6409383795590884,2_1
AZESEE01_AZESEE,5.2510041655295936e-05,1_2
BADNAY01_BADNAY,0.00010501978482579943,1_1
BANDIF01_BANDIF,5.124162095443808,1_1
BANGOM01_BANGOM02,2.625472234285553e-05,1_1
BANHOO01_BANHOO02,7.088864578008724e-05,1_1
BANHOO01_BANHOO,6.0386458358152595e-05,1_1
BANHOO02_BANHOO,0.00013127510413823984,1_1
BAQBEA01_BAQBEA,1.3828245950397786,2_1
BASVUM01_BASVUM,0.003833230055988679,1_1
BATWOI01_BATWOI,0.3987346840201553,1_1
BATWUP01_BATWUP,2.1061761004730215,1_1
BAWNIW02_BAWNIW07,0.00585486516729361,3_1
BAWNIW02_BAWNIW,0.0037019552503352315,1_1
BAWNIW07_BAWNIW,0.002678010333511338,1_1
BAZKEV01_BAZKEV,5.903646790036873,1_1
BDOTHY01_BDOTHY,7.09977207912425,1_1
BDTOLE13_BDTOLE14,0.08934576513559023,2_1
BECMUT01_BECMUT,0.7372404004071313,1_1
BEDMIG02_BEDMIG03,2.2803780248690373,1_1
BEDMIG02_BEDMIG05,1.858223879582738,1_1
BEDMIG02_BEDMIG06,0.0002625496113068948,1_1
BEDMIG02_BEDMIG17,1.8581451148187398,1_1
BEDMIG03_BEDMIG05,0.42215414528629935,1_1
BEDMIG03_BEDMIG06,2.2801154752577304,1_1
BEDMIG03_BEDMIG17,0.42267924510588273,1_2
BEDMIG05_BEDMIG06,1.857961329971431,1_1
BEDMIG05_BEDMIG17,0.0005250998195833745,1_2
BEDMIG06_BEDMIG17,1.857882565207433,1_1
BEFDUO01_BEFDUO,2.6255319312440406e-05,1_1
BEHZOF01_BEHZOF,12.036919810156633,1_1
BEMLOU03_BEMLOU23,37.46373209040894,1_1
BENZIE01_BENZIE02,9.185330128247529,2_2
BESSOJ01_BESSOJ,7.1016886953461835,1_1
BICCIZ02_BICCIZ04,1.382982124567775,1_2
BICCIZ02_BICCIZ,1.3833234395400495,1_1
BICCIZ04_BICCIZ,0.0003675696946174867,1_1
BIHXIA01_BIHXIA,7.876476399815147e-05,1_1
BIINDO01_BIINDO,3.413143753050463e-05,1_1
BIJFAC02_BIJFAC03,0.00013127540262303228,2_1
BILCOO10_BILCOO11,0.0,1_1
BILCUW01_BILCUW,13.311232490377847,1_1
BINMEQ04_BINMEQ12,11.670111205196235,1_1
BIRKIW02_BIRKIW04,0.0,1_1
BIVRAA01_BIVRAA,32.05921385399421,1_1
BIXGIY05_BIXGIY06,0.0002625502082764797,1_1
BIXGIY05_BIXGIY,0.15183266515691685,1_1
BIXGIY06_BIXGIY,0.15209521536519333,1_1
BIYSEH05_BIYSEH07,2.625472234285553e-05,1_1
BIYSEH05_BIYSEH08,2.6255319312440406e-05,1_1
BIYSEH05_BIYSEH13,0.0,1_1
BIYSEH07_BIYSEH08,5.2510041655295936e-05,1_1
BIYSEH07_BIYSEH13,2.625472234285553e-05,1_1
BIYSEH08_BIYSEH13,2.6255319312440406e-05,1_1
BOCMOV01_BOCMOV02,5.2510041655295936e-05,1_2
BOFYUT01_BOFYUT,3.1113487750096738,1_2
BOFZEE01_BOFZEE,0.4395087000245894,2_1
BOGNAP01_BOGNAP,8.424704399504208,1_1
BOGSIC01_BOGSIC,2.4203434301633706,1_1
BOLCUA11_BOLCUA,0.026123724829574257,1_1
BOLHOB01_BOLHOB,1.6834811019367635,1_1
BOLMIZ01_BOLMIZ,0.0002074146943868982,1_2
BORSEG01_BORSEG,1.7571526318761244,1_1
BORVAG01_BORVAG,0.6607622105023552,1_2
BROFRM02_BROFRM03,0.007036339612113807,1_1
BROFRM02_BROFRM05,0.023393205946831586,1_1
BROFRM03_BROFRM05,0.030429545558945392,1_1
BUDREZ01_BUDREZ,20.5043148400963,1_1
BUFTED01_BUFTED,2.8375773879492954,1_1
BUJBEN01_BUJBEN,14.955635649879582,1_1
BURTIT01_BURTIT,2.9262247709039,1_1
BURYOC01_BURYOC,2.5241031900924327,1_1
BUVJOT01_BUVJOT,2.163333235146638,1_1
BUVKEJ01_BUVKEJ,0.002888049903162937,1_1
BUYHUZ01_BUYHUZ,0.00015752952799630293,1_1
BUYJAH02_BUYJAH,0.123556030708869,1_1
BUYYID10_BUYYID11,4.246116129672828,1_1
BZCHOL02_BZCHOL03,0.13923026471115918,1_1
BZCHOL02_BZCHOL04,0.564141185094968,1_1
BZCHOL03_BZCHOL04,0.7033714498061272,1_1
BZINDA01_BZINDA,2.204002229873822,1_1
CABCUD06_CABCUD34,1.5660844947561827,1_1
CACKOJ01_CACKOJ03,6.375501650051433,2_1
CACKOJ01_CACKOJ,7.054797264563149,1_2
CACKOJ03_CACKOJ,13.430220149850584,1_2
CAFCUK01_CAFCUK,36.890559185312895,1_1
CAFNUU01_CAFNUU,3.3697504852348175,1_1
CAFPEG01_CAFPEG,0.4978210556146223,1_1
CAPLEK02_CAPLEK,1.0345782751787738,1_1
CEJGAC01_CEJGAC,11.765259324860494,1_1
CEJREP01_CEJREP,0.02362950023882604,1_1
CEKJAD01_CEKJAD,10.32173316942476,1_1
CEKJIL01_CEKJIL,23.958065571987106,1_1
CEKPUG01_CEKPUG,0.1585802004353809,1_1
CELBEA01_CELBEA02,25.37417100498226,1_1
CELBEA01_CELBEA,25.374223515023914,1_1
CELBEA02_CELBEA,5.2510041655295936e-05,1_1
CELHIL01_CELHIL,0.016041804890846834,1_1
CENRIW01_CENRIW02,1.5875348303557075,1_1
CENRIW01_CENRIW,0.00010502008331059187,1_1
CENRIW02_CENRIW,1.587429810272397,1_1
CERBEG01_CERBEG,3.571528036724146,1_1
CEVKUM01_CEVKUM,3.7098918863449626,1_1
CEVWAC01_CEVWAC,3.508878355633385,1_1
CEWGAM01_CEWGAM,2.625472234285553e-06,1_1
CEZDOC01_CEZDOC,1.9864270447993135,1_2
CHIPTH01_CHIPTH,25.046167289762707,1_1
CICYOD01_CICYOD,2.6255020827647968e-05,1_2
CIMETD01_CIMETD04,21.505181695396004,1_2
CIMETD01_CIMETD,21.48233984458807,1_1
CIMETD04_CIMETD,42.98752153998407,2_1
CINYEE01_CINYEE,6.520639289971541,1_1
CISRAA01_CISRAA,2.625472234285553e-05,1_1
CIWMUS01_CIWMUS,5.408162430380457,1_1
CIZDUK01_CIZDUK02,7.876416702856659e-06,1_1
CLMNCY01_CLMNCY,2.648446870232192,1_1
COLDOX01_COLDOX,3.760456390989816,1_1
COPLAV01_COPLAV,7.63692312549324,1_1
CORDCP01_CORDCP,6.5345780695148505,1_1
COWSIR01_COWSIR,0.03751839461574491,1_1
COYLAF01_COYLAF,0.011893515181895964,1_2
CUKJEY01_CUKJEY,1.0762082028921895,1_2
CUMTAF01_CUMTAF,13.345810325048774,1_1
CUMVIP01_CUMVIP,16.701461874546112,1_1
CUNKAY01_CUNKAY02,2.888049306193352e-05,1_1
CUNKAY01_CUNKAY,0.03658896819177926,1_2
CUNKAY02_CUNKAY,0.03661784868484119,1_2
CUPQUB01_CUPQUB,0.0007823990833912831,1_1
CUPREM01_CUPREM02,0.015910530085193386,1_1
CUPREM01_CUPREM,0.015910530085193386,1_1
CUPREM02_CUPREM,0.0,1_1
CUTCUQ01_CUTCUQ02,0.12996225011960405,1_1
CYVINC01_CYVINC,3.938238199907573e-05,1_1
DACMOR01_DACMOR,6.006408860368424,1_1
DADDER04_DADDER05,0.0008847936944675894,1_2
DADDER04_DADDER,8.926695142008612e-05,1_1
DADDER05_DADDER,0.000892670111170446,2_2
DADTEH02_DADTEH03,0.18890472471707653,1_1
DAHMII01_DAHMII,12.910817485024722,1_1
DAKXUI01_DAKXUI03,3.9488832755814656,1_1
DAKXUI01_DAKXUI,0.578870239541402,1_1
DAKXUI03_DAKXUI,4.527753515122868,1_1
DANQEP01_DANQEP02,3.493752850402302,1_2
DANQEP01_DANQEP,1.1233989404947806,1_1
DANQEP02_DANQEP,2.3703539099075215,2_1
DARWAU01_DARWAU,20.864803866528177,1_1
DASPAO01_DASPAO,3.442844405014455,2_1
DAVVUR01_DAVVUR,0.044423460019174854,1_1
DAXSOM01_DAXSOM,0.3004097095221141,1_1
DAXTIH01_DAXTIH,0.00043058192369471726,1_1
DBXZCP01_DBXZCP,0.00011027102777916298,1_1
DCLMAN01_DCLMAN,0.000446335055585223,1_1
DCLNAP01_DCLNAP02,0.000997690194481038,2_2
DEDMUX01_DEDMUX02,1.016619854662963,1_1
DEDMUX01_DEDMUX,2.6255319312440406e-05,1_1
DEDMUX02_DEDMUX,1.0166461099822754,1_1
DEFZEV01_DEFZEV,0.00010502008331059187,1_1
DEHREN01_DEHREN,4.397491957885222,1_1
DEKDIG01_DEKDIG,2.768484729941065,1_1
DEWCAK01_DEWCAK,3.852002324542582,1_1
DEXVEH01_DEXVEH,1.8583026449437057,1_1
DICNIM01_DICNIM,0.10071417990093323,1_1
DIFVET01_DIFVET02,5.024813175431973,1_1
DIFVET01_DIFVET,5.024813175431973,1_1
DIFVET02_DIFVET,0.0,1_1
DILYEC01_DILYEC,2.625472234285553e-05,1_1
DIVGOH01_DIVGOH,4.3609554994366135,1_1
DIXBIW01_DIXBIW,0.00026254990979168724,1_1
DIZCOH01_DIZCOH,8.139053471722946e-05,1_1
DMFUSC03_DMFUSC04,4.725879870193239e-05,1_1
DOHBOC01_DOHBOC,0.01360009004326912,1_1
DOLJET01_DOLJET,0.08858436983007323,1_1
DONTIJ03_DONTIJ,14.832289659934304,1_1
DOPPOP01_DOPPOP,2.625472234285553e-05,1_1
DOQNAY01_DOQNAY,3.25212808505421,1_1
DORDUM01_DORDUM02,11.974222870565654,1_1
DORDUM01_DORDUM03,11.97427538001034,1_1
DORDUM01_DORDUM04,11.97427538001034,1_1
DORDUM01_DORDUM05,11.97427538001034,1_1
DORDUM01_DORDUM06,11.974222870565654,1_1
DORDUM01_DORDUM07,0.0,1_1
DORDUM01_DORDUM09,2.625472234285553e-05,1_1
DORDUM01_DORDUM10,23.731526930383552,1_1
DORDUM02_DORDUM03,3.7411799696820935,2_1
DORDUM02_DORDUM04,3.7411799696820935,2_1
DORDUM02_DORDUM05,3.7411799696820935,2_1
DORDUM02_DORDUM06,3.741127460237408,2_1
DORDUM02_DORDUM07,11.974222870565654,1_1
DORDUM02_DORDUM09,11.974249125287997,1_1
DORDUM02_DORDUM10,15.498431520055306,2_1
DORDUM03_DORDUM04,0.0,1_1
DORDUM03_DORDUM05,0.0,1_1
DORDUM03_DORDUM06,5.250944468571106e-05,1_1
DORDUM03_DORDUM07,11.97427538001034,1_1
DORDUM03_DORDUM09,11.974301634732683,1_1
DORDUM03_DORDUM10,11.757251550373212,1_1
DORDUM04_DORDUM05,0.0,1_1
DORDUM04_DORDUM06,5.250944468571106e-05,1_1
DORDUM04_DORDUM07,11.97427538001034,1_1
DORDUM04_DORDUM09,11.974301634732683,1_1
DORDUM04_DORDUM10,11.757251550373212,1_1
DORDUM05_DORDUM06,5.250944468571106e-05,1_1
DORDUM05_DORDUM07,11.97427538001034,1_1
DORDUM05_DORDUM09,11.974301634732683,1_1
DORDUM05_DORDUM10,11.757251550373212,1_1
DORDUM06_DORDUM07,11.974222870565654,1_1
DORDUM06_DORDUM09,11.974249125287997,1_1
DORDUM06_DORDUM10,11.757304059817898,1_1
DORDUM07_DORDUM09,2.625472234285553e-05,1_1
DORDUM07_DORDUM10,23.731526930383552,1_1
DORDUM09_DORDUM10,23.731553185105895,1_1
DOZYAS01_DOZYAS,8.783899054991252,1_1
DPOBCO01_DPOBCO,4.340943939038141,1_1
DUMVAJ01_DUMVAJ,0.10974589990200911,1_1
DUNNIJ01_DUNNIJ,16.649818290067515,1_1
DUNWOZ01_DUNWOZ,0.0,1_1
DUVZOJ02_DUVZOJ03,0.9654567366774813,2_2
DUYCUW01_DUYCUW,0.6814222697063315,1_1
EBIGUR02_EBIGUR04,4.599928509770507,1_1
EBYBUA01_EBYBUA,0.5912626001190233,1_1
ECOGUA01_ECOGUA,8.17300821700178,1_2
EFAWIT01_EFAWIT,0.12796687002912677,1_1
EFIKOU02_EFIKOU,11.74015954464926,1_1
EFUPEB01_EFUPEB,1.6583708198365912,1_1
EGLDBZ10_EGLDBZ11,8.926695142008612e-05,1_1
EGOPIB01_EGOPIB,13.643962104570619,1_1
EHANOT01_EHANOT,2.625472234285553e-05,1_1
EHULAV01_EHULAV,2.6255319312440406e-05,1_1
EJEQAL04_EJEQAL08,7.802565920263078,2_1
ELOJOG01_ELOJOG,4.360572177207075,1_1
EMAKUY01_EMAKUY,0.060097694618434616,1_1
EMULAB01_EMULAB,0.6421973002292134,1_1
ENSULF01_ENSULF02,5.251063862488081e-05,1_1
ENSULF01_ENSULF03,1.3703009605519583,1_2
ENSULF02_ENSULF03,1.3702484499133334,1_2
EPANEQ02_EPANEQ,0.2523893143359146,1_1
EPIFAM01_EPIFAM,0.11686100547206024,1_1
EQUZIZ01_EQUZIZ,25.6829298045609,1_2
ERIXAE01_ERIXAE,1.452479110075842,1_1
ESIVOR01_ESIVOR,2.34184097997354,1_1
ESIWUY02_ESIWUY,35.37940015054937,1_1
ESTRON11_ESTRON14,0.28585656350628597,1_1
ETEDOX01_ETEDOX02,1.3250110851439558,1_2
ETEDOX01_ETEDOX,5.2510041655295936e-05,1_1
ETEDOX02_ETEDOX,1.3249585751023005,2_1
ETEXIK02_ETEXIK,2.6255319312440406e-05,2_1
EVAWUU01_EVAWUU,30.75190388980377,1_1
EVETUV01_EVETUV,0.20035190484338727,1_1
FABRAB10_FABRAB11,0.0001312748056534474,1_1
FACSEI01_FACSEI,1.9934528831194598,1_1
FACZIT01_FACZIT,4.375639921452034,1_1
FADWUC01_FADWUC,14.557583595207007,1_1
FAFMOQ01_FAFMOQ,0.6254466100745049,1_1
FAHNOR05_FAHNOR,1.4364898152266505,1_1
FARPOF01_FARPOF02,0.1635161407691612,1_1
FARPOF01_FARPOF,0.00015752952799630293,1_1
FARPOF02_FARPOF,0.16367367029715751,1_1
FARRUM02_FARRUM03,0.6839952599565322,1_1
FAZTAC01_FAZTAC,5.209097020065201,1_1
FBPAZD02_FBPAZD07,5.5784261052341435,1_1
FDMUPD10_FDMUPD11,13.943479145175502,1_1
FECPUB01_FECPUB,0.0001312748056534474,1_1
FEFREP01_FEFREP02,0.0001312748056534474,1_2
FEFREP01_FEFREP03,0.000446335055585223,1_2
FEFREP01_FEFREP,0.0,1_1
FEFREP02_FEFREP03,0.000446335055585223,3_2
FEFREP02_FEFREP,0.0001312748056534474,2_1
FEFREP03_FEFREP,0.000446335055585223,2_1
FEGHAA06_FEGHAA07,0.00025729896532311614,1_1
FEGHAA06_FEGHAA14,7.87650624829439e-05,1_2
FEGHAA07_FEGHAA14,0.00027567756944790744,1_1
FEGWAP01_FEGWAP,0.00020216345143353465,1_1
FEHKOS01_FEHKOS,13.899213215281293,1_1
FEMMAL01_FEMMAL,6.684102920102077,1_1
FEPROJ01_FEPROJ02,2.1004076359076862e-05,1_1
FEPROJ01_FEPROJ,4.9319334870599505,1_1
FEPROJ02_FEPROJ,4.931912482983591,1_1
FEVKAT01_FEVKAT,9.364449614671685,1_1
FEVWUY01_FEVWUY,0.06881435496654831,2_1
FEYBIU01_FEYBIU,7.9857733099378265,1_1
FIFFAB01_FIFFAB,12.356075589625448,1_1
FIJBUW01_FIJBUW,7.409134745077381,1_1
FINBUB01_FINBUB,0.2786443148665967,1_1
FIQMIE01_FIQMIE,9.674389889889085,1_1
FIQWEI01_FIQWEI,4.789122040015172,1_1
FIRXUA01_FIRXUA,1.1128706852019832,1_1
FISSUV01_FISSUV,0.5374661048280132,1_1
FITYAL01_FITYAL02,15.372924743477881,1_2
FITYAL01_FITYAL,2.625472234285553e-06,1_1
FITYAL02_FITYAL,15.372927368950116,2_1
FITYOZ01_FITYOZ,7.35141180143728e-05,1_1
FITZAM01_FITZAM,1.6942036439658068,1_1
FIVBEU01_FIVBEU02,1.5899765446063157,1_1
FIVBEU01_FIVBEU,1.5899502898839728,2_1
FIVBEU02_FIVBEU,1.5899765446063157,1_1
FIVCIZ01_FIVCIZ,0.05925753514588905,2_1
FIZRUD01_FIZRUD02,2.742492280215629,1_1
FIZRUD01_FIZRUD,2.303587444774621,2_2
FIZRUD02_FIZRUD,2.7425185349379717,1_2
FOBSOE01_FOBSOE03,0.19759513034284737,1_1
FOBSOE01_FOBSOE,9.306609850053519,1_2
FOBSOE03_FOBSOE,9.504204980396366,1_2
FOCWUR01_FOCWUR,0.5234721903677837,1_1
FODMAO01_FODMAO,58.32800297950689,1_1
FOFHIU01_FOFHIU,4.034264535258444,2_1
FOGVIG04_FOGVIG05,0.6933157848882274,1_1
FOGWII03_FOGWII,14.25743643469923,1_1
FOLVEK01_FOLVEK,1.4829217823989893,1_1
FOMNEB01_FOMNEB03,5.987689045144066,1_1
FOMSUY01_FOMSUY,9.451789588865722e-05,2_2
FOMVIO02_FOMVIO,0.00034131497227463115,1_1
FONYUE01_FONYUE,0.5074041295606548,1_1
FOVBIC01_FOVBIC02,11.56640395471186,1_1
FOVRUE01_FOVRUE02,4.463362495243928e-05,1_1
FOVRUE01_FOVRUE03,4.2007854233361286e-05,1_1
FOVRUE01_FOVRUE04,1.837860412479131e-05,1_1
FOVRUE02_FOVRUE03,2.625770719077991e-06,1_1
FOVRUE02_FOVRUE04,2.6255020827647968e-05,1_1
FOVRUE03_FOVRUE04,2.3629250108569977e-05,1_1
FOVYOE11_FOVYOE,0.597461405432341,1_1
FOXREQ01_FOXREQ02,0.2087535049415692,1_1
FOXREQ01_FOXREQ,0.20883227030253693,1_1
FOXREQ02_FOXREQ,7.876536096773634e-05,1_1
FPAMCA17_FPAMCA18,0.023130654544615936,1_1
FPAMCA17_FPAMCA19,1.0016545047305954,1_1
FPAMCA18_FPAMCA19,0.9785238501859794,1_1
FUHHOG01_FUHHOG,0.00028880433364975033,2_1
FULPEH01_FULPEH,9.277519310258299,1_1
FUQLIM01_FUQLIM02,0.0001312748056534474,1_1
FUQLIM01_FUQLIM07,0.0001575301249658878,1_1
FUQLIM02_FUQLIM07,2.6255319312440406e-05,1_1
FUQWAQ01_FUQWAQ,2.625472234285553e-05,1_1
FURSEM03_FURSEM14,19.44019969006672,2_1
FURSEM03_FURSEM16,19.939254730167818,2_1
FURSEM14_FURSEM16,0.4990550401010978,1_1
FUXMOA01_FUXMOA,0.8262290968415869,1_1
FUYJAK01_FUYJAK,57.7279186998519,1_1
FUZMET01_FUZMET,0.09078191367046884,1_1
GADSIO01_GADSIO,0.0003518170104541696,2_2
GADSUA01_GADSUA,8.351794264870364,1_1
GAFPEI01_GAFPEI,0.000105019486341007,1_1
GAKWIA01_GAKWIA,3.9090281850075144,1_1
GEDSAM01_GEDSAM,40.40544730987085,1_1
GEKGOV02_GEKGOV,1.673643353303703,1_2
GENQIB01_GENQIB,10.325041300258135,1_1
GESNUN01_GESNUN,18.340745309463728,1_1
GEVZEP01_GEVZEP,0.1529353748377389,1_1
GEWBAO01_GEWBAO,0.38090754010090677,1_1
GIGQUI01_GIGQUI,8.0420115203749,1_1
GIKBOT01_GIKBOT,0.0943604696363991,1_2
GINBIP01_GINBIP,5.250944468571106e-06,2_1
GINKIZ01_GINKIZ,6.866653935151589,2_1
GISNOM01_GISNOM,2.6255916282025282e-05,1_1
GIVJUQ01_GIVJUQ02,19.72777070544805,1_1
GIVJUQ01_GIVJUQ,5.808367394969991,1_1
GIVJUQ02_GIVJUQ,13.91940331047806,1_1
GIXXOB01_GIXXOB,1.906349294852248,1_1
GIYWAP01_GIYWAP02,3.341421339551175,1_1
GIYWAP01_GIYWAP,6.007275275160282,1_1
GIYWAP02_GIYWAP,9.348696614711457,1_1
GIZFIF01_GIZFIF,22.78235617020107,1_1
GNAPHB01_GNAPHB,0.6153909451566051,1_1
GOBVEA01_GOBVEA,10.010033809901302,1_2
GOKCOA01_GOKCOA02,0.0001575301249658878,1_1
GUHDIY01_GUHDIY,0.11063857001317956,1_2
GUQRIU01_GUQRIU04,0.00018378484730874334,1_1
HABFAS01_HABFAS,7.876476399815147e-05,1_1
HAFVIV01_HAFVIV,9.724694469797896,1_1
HAJYUN01_HAJYUN02,0.2760450698940531,1_1
HAKTAP01_HAKTAP,2.6255319312440406e-05,1_1
HANFOS01_HANFOS,6.478762565480224,1_1
HAXHET01_HAXHET,9.389208079313676,1_1
HAXMAW01_HAXMAW,6275.989450154915,1_1
HCCYHG04_HCCYHG05,0.0,1_1
HEBJOQ01_HEBJOQ,2.0025738700719558,1_1
HECPAJ01_HECPAJ,2.625472234285553e-05,2_1
HEHWOJ01_HEHWOJ,6.95732295202356,1_1
HESDIT01_HESDIT,0.004673390125503829,2_1
HESRAZ01_HESRAZ,3.1921879199637715,1_1
HETPAL01_HETPAL,0.06831813534154207,1_1
HEVXUB04_HEVXUB05,4.587299854602406,1_1
HEWLOL01_HEWLOL,5.426913750973142,1_1
HIBGUV01_HIBGUV02,0.7081761153342541,1_1
HIBGUV01_HIBGUV,0.2167087693871963,1_1
HIBGUV02_HIBGUV,0.9248848847214504,1_1
HICJAG01_HICJAG,5.251063862488081e-05,1_1
HIMGOA01_HIMGOA02,0.1395715799819186,1_1
HIMWIJ01_HIMWIJ,6.0386458358152595e-05,1_1
HIQQAB02_HIQQAB,2.7064966750169788,2_1
HIRQIK01_HIRQIK,16.413470780025477,1_1
HIRREH01_HIRREH,1.7589274699110433,1_1
HISGAS01_HISGAS,0.053954025117491256,1_1
HNIABZ11_HNIABZ20,6.619673150330414,1_1
HOFMAQ01_HOFMAQ,0.00010502008331059187,1_1
HOJQEE02_HOJQEE,30.115535200616478,1_1
HOJROP01_HOJROP,4.9782604344474635,1_1
HOKPUS01_HOKPUS,10.723539689986296,1_1
HOQABS01_HOQABS,0.5427696154533805,1_2
HPXCDP01_HPXCDP,32.085369085087564,1_1
HUGMIH03_HUGMIH,12.716189169946006,1_1
HULGIE01_HULGIE,3.6330618798774594,1_1
HUMFIG01_HUMFIG,1.547154639962173,1_1
HUMSEN01_HUMSEN,2.625472234285553e-05,1_1
HUTQAP02_HUTQAP,2.2143414490763575,1_1
HXACAN40_HXACAN47,0.8214900696117411,2_1
IBOBUY01_IBOBUY,2.6255916282025282e-05,1_1
IBOCEJ01_IBOCEJ,1.2580608357607161,1_1
ICAPOR04_ICAPOR06,6.826287506100925e-05,1_1
ICIMAI01_ICIMAI,35.04493770378804,1_1
ICUBAL01_ICUBAL,0.3826141149622799,1_1
ICUTOR01_ICUTOR02,0.00018378484730874334,1_1
IDONAS01_IDONAS,2.724743900164924,1_1
IDUQOO02_IDUQOO,5.250944468571106e-06,1_1
IDUTOT01_IDUTOT,4.382300814952828,1_1
IFAPOV01_IFAPOV,4.14101736457701,1_1
IFAWAP01_IFAWAP02,0.013521324682301383,1_1
IFILAL01_IFILAL02,8.375870099567805,1_1
IFILAL01_IFILAL,0.0002625502082764797,1_1
IFILAL02_IFILAL,8.376132649776082,1_1
IFOVOO01_IFOVOO03,2.4804936348234605,1_1
IFULUQ01_IFULUQ,9.165331695508712,1_4
IGAPIR01_IGAPIR,0.10906326995745985,1_1
IGASIS01_IGASIS,0.743200285060766,1_1
IGEBEC02_IGEBEC,2.032798625811779,1_1
IGUQEG01_IGUQEG,5.883141634590174,1_1
IHAPOX01_IHAPOX02,27.36033549987178,1_1
IHAPOX01_IHAPOX,57.711614344752775,1_1
IHAPOX02_IHAPOX,85.07194984462456,1_1
IHOZOW01_IHOZOW02,0.2674596849485624,1_1
IJAQIV01_IJAQIV02,28.110230809572386,1_1
IJATUK01_IJATUK,0.0002888055275889201,1_1
IJUDUN01_IJUDUN,3.788255185312437,1_1
ILAHEK01_ILAHEK,2.625472234285553e-05,1_2
ILIVUW01_ILIVUW,18.165808245081507,1_1
ILUVAO01_ILUVAO,5.250944468571106e-05,1_1
IMIPAV01_IMIPAV,0.3429690651519195,1_1
INEQUN01_INEQUN,8.700723215272888,1_1
INOCET02_INOCET,0.01787965515484302,2_1
INOHIC01_INOHIC,70.45164305450726,1_1
INOSIN10_INOSIN11,22.31255707643686,1_2
IPAMUH01_IPAMUH,0.7064616634592085,1_1
IPEZAG01_IPEZAG,0.11859383445880667,1_1
IPUPUE01_IPUPUE,5.2510041655295936e-05,1_2
IQIHIB01_IQIHIB,6.301882629556758,1_1
IQILAW02_IQILAW03,1.5752833405713318e-05,1_1
IQILAW02_IQILAW,0.26116636144087124,1_1
IQILAW03_IQILAW,0.26118211427427696,1_1
IQUFUX01_IQUFUX,0.05888996485430198,1_1
IRABIN01_IRABIN,2.3629250108569977e-05,1_1
ISOIND01_ISOIND02,1.3330529916657383,1_2
ISOIND01_ISOIND,0.11243703759669188,1_1
ISOIND02_ISOIND,1.2206159540690464,2_1
ISUNAL01_ISUNAL,0.5069289146089773,2_2
IVATAC01_IVATAC,6.823228165326896,1_1
IVOHIL02_IVOHIL03,2.3578722832739345,1_1
IVOHIL02_IVOHIL04,2.357895912524043,1_1
IVOHIL03_IVOHIL04,2.3629250108569977e-05,1_1
IVUQOF01_IVUQOF02,3.831523425012165,1_1
IVUQOF01_IVUQOF03,3.8316809551371307,1_2
IVUQOF01_IVUQOF04,3.8317072098594736,1_2
IVUQOF01_IVUQOF,3.8316809551371307,1_1
IVUQOF02_IVUQOF03,0.0001575301249658878,1_2
IVUQOF02_IVUQOF04,0.00018378484730874334,1_2
IVUQOF02_IVUQOF,0.0001575301249658878,1_1
IVUQOF03_IVUQOF04,5.2510041655295936e-05,1_2
IVUQOF03_IVUQOF,2.6255319312440406e-05,1_1
IVUQOF04_IVUQOF,2.625472234285553e-05,2_1
IWUKAM01_IWUKAM02,24.567958720080583,1_1
IWUKAM01_IWUKAM,0.008244069973216028,1_1
IWUKAM02_IWUKAM,24.559714650107367,1_1
IYEBUJ01_IYEBUJ03,9.214979899598347,1_1
IZANEC01_IZANEC,0.00010502008331059187,1_1
IZOCOR01_IZOCOR,2.7376088493265343,1_1
JAGNOX01_JAGNOX,7.876476399815147e-05,1_1
JAGNUD01_JAGNUD,2.6255319312440406e-05,1_1
JAKGEH01_JAKGEH,2.5836416534537534,1_1
JARXUV01_JARXUV,5.8615862795043085,1_1
JAVCEO02_JAVCEO04,0.7381225680323951,1_1
JAYCES02_JAYCES,30.76660669012483,1_1
JAZCOD01_JAZCOD,1.6728110699493755,1_1
JEGLAI01_JEGLAI,0.9947756946464779,1_1
JESBER01_JESBER,19.367447084960872,1_1
JEVSEL01_JEVSEL,5.250944468571106e-05,1_1
JIGKEP01_JIGKEP,2.625472234285553e-05,1_1
JOGVEJ01_JOGVEJ,0.0002888049306193352,2_1
JOKWEM04_JOKWEM,0.2227211646794558,1_1
JONCUN01_JONCUN,13.658638650169337,1_1
JONWAN01_JONWAN,1.5753131890505756e-05,1_2
JOTFIJ01_JOTFIJ,1.0501888937142212e-05,1_1
JOWCAB01_JOWCAB,17.441984150467306,1_1
JOWNAM01_JOWNAM,7.697910864452126,1_1
JOYMIV01_JOYMIV,0.0002888049306193352,1_2
JUBFUH01_JUBFUH02,5.2510041655295936e-05,1_1
JUDRAB01_JUDRAB,2.8916206803166915,1_1
JUDRIJ01_JUDRIJ,0.0001312748056534474,1_1
JUZBUB02_JUZBUB04,3.6974653949267804,1_1
KADNEI01_KADNEI,0.0,1_1
KADTEO01_KADTEO,8.965373615082285,1_1
KAKJOW01_KAKJOW,2.0782145244839967,1_1
KAKQOF01_KAKQOF02,5.250944468571106e-05,1_1
KAKSOG02_KAKSOG,0.9466240252515945,1_1
KANYUU01_KANYUU02,2.6255319312440406e-05,1_1
KANYUU01_KANYUU03,0.0,1_1
KANYUU02_KANYUU03,2.6255319312440406e-05,1_1
KASSOM01_KASSOM,0.22308873497104287,2_1
KAXHAS11_KAXHAS,0.7218470937248185,1_1
KAXXAI01_KAXXAI02,2.705577749586496,1_2
KAXXAI01_KAXXAI03,2.70552524014181,1_1
KAXXAI01_KAXXAI05,2.705577749586496,1_1
KAXXAI01_KAXXAI,2.7054989848224977,1_1
KAXXAI02_KAXXAI03,7.876476399815147e-05,2_2
KAXXAI02_KAXXAI05,5.250944468571106e-05,1_1
KAXXAI02_KAXXAI,7.876476399815147e-05,2_1
KAXXAI03_KAXXAI05,7.876476399815147e-05,2_1
KAXXAI03_KAXXAI,2.6255319312440406e-05,1_1
KAXXAI05_KAXXAI,7.876476399815147e-05,1_1
KAYSAE02_KAYSAE,0.3008035351330136,1_1
KAZDUL01_KAZDUL,2.7215145349910017,1_1
KEDDAY01_KEDDAY02,5.250944468571106e-06,1_1
KEDDAY01_KEDDAY,1.9035347590670995,1_1
KEDDAY02_KEDDAY,1.9035295081226309,1_1
KELFOX01_KELFOX02,4.596699145492039,1_1
KELFOX01_KELFOX03,0.0,1_1
KELFOX01_KELFOX04,2.4718032309885984,1_1
KELFOX01_KELFOX,2.4717769750723164,1_1
KELFOX02_KELFOX03,4.596699145492039,1_1
KELFOX02_KELFOX04,2.1248959145034405,1_1
KELFOX02_KELFOX,2.1249221704197225,1_1
KELFOX03_KELFOX04,2.4718032309885984,1_1
KELFOX03_KELFOX,2.4717769750723164,1_1
KELFOX04_KELFOX,2.6255916282025282e-05,1_1
KELGEO01_KELGEO02,94.41140470036225,1_1
KELGEO01_KELGEO03,53.42104849914449,1_1
KELGEO01_KELGEO,26.426707699482904,1_1
KELGEO02_KELGEO03,40.990356201217764,1_1
KELGEO02_KELGEO,67.98469700087935,1_1
KELGEO03_KELGEO,26.994340799661586,1_1
KELNIA01_KELNIA06,17.567640580156024,1_2
KELNIA01_KELNIA07,17.567535560072713,1_1
KELNIA01_KELNIA,1.9875297550771052,1_1
KELNIA06_KELNIA07,2.109431720070802,2_2
KELNIA06_KELNIA,17.567719345218507,2_2
KELNIA07_KELNIA,17.567614325135196,1_2
KEMBUA01_KEMBUA,8.844653124831893,1_1
KEMHAL01_KEMHAL02,8.132276209747033,1_1
KETWOX03_KETWOX04,0.014125190459822079,1_1
KEWQAG01_KEWQAG,2.5316646301210994,1_1
KEXYOC01_KEXYOC02,2.9792073599522837,1_1
KEXYOC01_KEXYOC,2.979259869993939,1_1
KEXYOC02_KEXYOC,5.2510041655295936e-05,1_1
KIDDAE02_KIDDAE,2.563879515305416,1_1
KIGQOI01_KIGQOI,1.2570106349276102,1_1
KIGTOL01_KIGTOL,7.364028653322748,1_1
KIJQEA02_KIJQEA,0.3097827450924342,1_1
KINQIJ01_KINQIJ,0.0,1_1
KISQUZ01_KISQUZ,73.3946185149689,1_1
KIZMAI01_KIZMAI,0.0002625496113068948,2_1
KIZXEZ01_KIZXEZ,1.5600195900192375,1_1
KOKJOL01_KOKJOL,4.36121805024186,1_1
KOLRIN01_KOLRIN,13.154017550428534,1_1
KOSMOW01_KOSMOW,3.560443175646469,1_1
KUCYOY01_KUCYOY02,0.20636430013564677,2_1
KUQLEO01_KUQLEO,6.556556129809223,1_1
KUTLIW01_KUTLIW02,0.0003938244169603422,1_1
KUTLIW01_KUTLIW,3.2742610500013143,1_1
KUTLIW02_KUTLIW,3.273867225584354,1_1
KUVWON01_KUVWON02,2.5896619254612006,1_1
KUVWON01_KUVWON,0.16401498526943215,1_1
KUVWON02_KUVWON,2.4256469401917684,1_1
KUVZAE01_KUVZAE,0.2760608230259436,1_1
KUXJUI01_KUXJUI,3.083384574742354,1_1
LAJZON01_LAJZON,9.189242365437167e-05,2_2
LAKKEO02_LAKKEO,9.78783774504143,2_1
LAQNUO01_LAQNUO,9.714366660773521e-05,1_1
LAWYOY01_LAWYOY02,3.491778474089699,1_1
LAWYOY01_LAWYOY,3.4918021036382925,1_1
LAWYOY02_LAWYOY,2.3629548593362415e-05,1_1
LEBPAK01_LEBPAK,0.00010502008331059187,1_1
LEFTEY01_LEFTEY,22.606999024888637,1_1
LEPPUS01_LEPPUS,2.6255319312440406e-05,1_1
LEQPIH01_LEQPIH,0.00010764555554487742,1_1
LESQAC01_LESQAC,3.0769284698667434,1_1
LIKGUI01_LIKGUI,0.003439404445089167,1_1
LIPBIW01_LIPBIW,6.28849257968011,1_1
LIRRAG01_LIRRAG,5.03119314041885,1_1
LISDOH01_LISDOH,0.19195030474520536,1_1
LITHON01_LITHON,2.841001039560979,1_1
LIVQOY05_LIVQOY06,11.26900044253739,1_1
LIVQOY05_LIVQOY,11.2689846894055,1_1
LIVQOY06_LIVQOY,1.5753131890505756e-05,1_1
LIYTIW01_LIYTIW02,2.7195322825601806,1_1
LIYTIW01_LIYTIW,0.014348357689129898,1_1
LIYTIW02_LIYTIW,2.7338806402493105,1_1
LOHQAB01_LOHQAB,0.0046996454448162694,1_1
LOJKIF01_LOJKIF,0.16637793475604212,1_1
LOQLAE01_LOQLAE,0.0004200803332423675,1_1
LORVAP01_LORVAP,12.873377854576006,1_1
LOTCOO01_LOTCOO,9.265757071075996,1_1
LOTZEZ01_LOTZEZ,2.340974565181682,1_1
LUFCIY01_LUFCIY,2.625472234285553e-05,1_1
LUKXAQ01_LUKXAQ,0.00010502008331059187,2_1
LUNPOZ01_LUNPOZ,8.840924914859215,1_2
LURSIB01_LURSIB,2.625472234285553e-05,1_1
MABZNA02_MABZNA04,0.002024260583539217,1_2
MABZNA02_MABZNA,0.0020216351113049313,1_1
MABZNA04_MABZNA,0.00217128852108317,2_2
MAFPOA01_MAFPOA,0.2706680457476409,1_2
MALSOJ01_MALSOJ,0.6594730908004749,1_1
MANSTB01_MANSTB,6.8251185250355775,1_1
MAVGEW01_MAVGEW,0.000698383076439768,1_1
MBYINO01_MBYINO02,5.250944468571106e-06,1_1
MBYINO01_MBYINO,2.1003777874284424e-05,1_2
MBYINO02_MBYINO,2.1004076359076862e-05,1_1
MBZSAN12_MBZSAN13,1.1276259949677296,1_1
MCHTEP05_MCHTEP22,29.169620060031775,1_2
MCHTEP05_MCHTEP24,0.036993294796161535,1_1
MCHTEP22_MCHTEP24,29.132626765235614,2_1
MEGHAJ01_MEGHAJ,4.096068804738252,1_1
MEGYON01_MEGYON02,1.1848356396830013,1_1
MELFIT01_MELFIT04,5.000369769845975,1_1
MELFIT01_MELFIT05,5.038071949905998,1_1
MELFIT01_MELFIT06,5.038176969989308,1_1
MELFIT01_MELFIT07,0.3715082504052134,1_1
MELFIT01_MELFIT09,0.009793115306592881,1_1
MELFIT01_MELFIT15,5.038098204628341,1_1
MELFIT01_MELFIT,5.038098204628341,1_1
MELFIT04_MELFIT05,0.03770218006002324,1_1
MELFIT04_MELFIT06,0.03780720014333383,1_1
MELFIT04_MELFIT07,4.628861519440761,1_1
MELFIT04_MELFIT09,4.990576654539382,1_1
MELFIT04_MELFIT15,0.037728434782366094,1_1
MELFIT04_MELFIT,0.037728434782366094,1_1
MELFIT05_MELFIT06,0.00010502008331059187,1_1
MELFIT05_MELFIT07,4.666563699500784,1_1
MELFIT05_MELFIT09,5.028278834599405,1_1
MELFIT05_MELFIT15,2.625472234285553e-05,1_1
MELFIT05_MELFIT,2.625472234285553e-05,1_1
MELFIT06_MELFIT07,4.666668719584095,1_1
MELFIT06_MELFIT09,5.0283838546827155,1_1
MELFIT06_MELFIT15,7.876536096773634e-05,1_1
MELFIT06_MELFIT,7.876536096773634e-05,1_1
MELFIT07_MELFIT09,0.3617151350986205,1_1
MELFIT07_MELFIT15,4.666589954223127,1_1
MELFIT07_MELFIT,4.666589954223127,1_1
MELFIT09_MELFIT15,5.028305089321748,1_1
MELFIT09_MELFIT,5.028305089321748,1_1
MELFIT15_MELFIT,0.0,1_1
MELVEE01_MELVEE,20.3920222052634,1_1
MEPHCB01_MEPHCB,0.7075459948343905,1_1
MEPVAE01_MEPVAE,3.4264087748111933,1_1
MHQACD02_MHQACD,6206.804269535072,1_1
MIFSUS01_MIFSUS,10.119937239928277,1_1
MIJHAO01_MIJHAO,5.286076680240967,1_1
MILHOF01_MILHOF02,2.9108655947636635,1_1
MILHOF01_MILHOF,2.499607274464779,1_1
MILHOF02_MILHOF,0.41125832029888443,1_1
MIPBET01_MIPBET,3.0674241600877394,1_1
MIPYEP02_MIPYEP04,0.2051303150522017,1_1
MIPYEP02_MIPYEP05,0.03452532462927138,1_1
MIPYEP04_MIPYEP05,0.23965563968147308,1_1
MIQKOM01_MIQKOM,20.544721284615207,1_1
MISFOL01_MISFOL,9.610327689812038,1_2
MIWBAX01_MIWBAX,0.08409476455187814,1_1
MNBZAC01_MNBZAC04,30.893591623091368,2_2
MOBNIC01_MOBNIC,11.9436095401594,1_1
MODDOA01_MODDOA02,1.6995124049386732,1_1
MODFAO03_MODFAO,1.72245927523295,1_1
MODSAZ01_MODSAZ,2.625472234285553e-05,1_1
MOHDAP01_MOHDAP,5.268249535127779,1_1
MOHDET01_MOHDET,0.00011289650001344853,1_2
MONRAI04_MONRAI06,1.5376240748638565,1_1
MONTIS01_MONTIS,2.97414014481285,1_1
MOPNAH01_MOPNAH03,2.204947410026648,1_1
MOSDOO01_MOSDOO,1.919739344728896,1_1
MOVXOL01_MOVXOL,6.365498494578219,1_1
MOVYEC01_MOVYEC02,0.4891595304819134,1_1
MUDHIC01_MUDHIC03,7.876476399815147e-05,2_1
MUDWEO02_MUDWEO03,0.00013127540262303228,1_1
MUDWEO02_MUDWEO,1.6171504705674806,1_1
MUDWEO03_MUDWEO,1.6170979605258253,2_1
MUJTOB01_MUJTOB,37.796986805615234,1_1
MUKNIQ02_MUKNIQ06,0.5404591748144867,1_1
MUNTOG02_MUNTOG,12.87282650003408,1_1
MUQKAK01_MUQKAK,0.17330925488181492,1_1
MUYROO01_MUYROO,6.0386458358152595e-05,1_1
NAGHOT02_NAGHOT03,0.000892670111170446,1_1
NAGHOT02_NAGHOT,0.00036757029158707155,1_1
NAGHOT03_NAGHOT,0.0005250998195833745,1_1
NAGPIW01_NAGPIW,3.360639999872774,1_1
NAHZOM01_NAHZOM,0.18572786988329426,1_1
NAJBEF01_NAJBEF,0.5751157748463811,1_1
NAKYEG01_NAKYEG,24.474490920555354,1_1
NALYUX01_NALYUX,3.0521962599470953,1_1
NATQEF01_NATQEF,0.4865760386412603,1_1
NATSAF01_NATSAF,1.3127361171427765e-05,1_1
NAVSUY02_NAVSUY04,31.015346560446005,1_1
NAZLAC01_NAZLAC02,5.56419589528798,1_1
NBZANO11_NBZANO12,5.2510041655295936e-05,1_1
NEMLOG02_NEMLOG,8.071944845413384,2_1
NENFIX01_NENFIX,1.1990395949068215,1_1
NEPYEO01_NEPYEO,2.625472234285553e-05,1_1
NILLEB01_NILLEB,5.2510041655295936e-05,1_1
NIZVAU01_NIZVAU02,0.002528356625248307,1_2
NOETNA01_NOETNA,0.0,1_1
NOHHAV01_NOHHAV,0.3808550300592515,1_1
NOJHEZ01_NOJHEZ02,0.0003675696946174867,1_1
NOJHEZ01_NOJHEZ,0.10809183508229125,1_1
NOJHEZ02_NOJHEZ,0.10845940477690874,1_1
NOQFII01_NOQFII,0.0001312748056534474,1_1
NOSYOJ01_NOSYOJ02,17.722285155625855,1_1
NOSYOJ01_NOSYOJ03,17.722051486209125,1_1
NOSYOJ01_NOSYOJ,17.722180135542544,1_1
NOSYOJ02_NOSYOJ03,0.00023366941672975372,1_1
NOSYOJ02_NOSYOJ,0.00010502008331059187,1_1
NOSYOJ03_NOSYOJ,0.00012864933341916185,1_1
NUHZEX01_NUHZEX,0.5479155947598429,1_2
NUJKEJ03_NUJKEJ,5.250944468571106e-06,1_1
NUJLIN01_NUJLIN,4.267330169786419,1_1
NUKMAH02_NUKMAH,0.6948412006730109,1_1
NULTIY01_NULTIY,0.012182320112515299,1_1
NUPJOX01_NUPJOX02,3.938268048386817e-05,1_1
NUQXAA02_NUQXAA03,1.2078481473801048,1_1
NUQXAA02_NUQXAA,1.2078271433037457,1_1
NUQXAA03_NUQXAA,0.00018641061802782133,1_2
NURCEJ01_NURCEJ,0.0010501999376515414,1_1
NUWTIJ01_NUWTIJ,4.979759595509904,1_1
OBUZUI01_OBUZUI,0.0,1_1
OCAZID01_OCAZID,7.434549584941578,1_1
OCHTET13_OCHTET,14.706501955141448,1_1
ODAHAF01_ODAHAF,0.00015752952799630293,1_1
ODASAO01_ODASAO,0.49010208546098966,1_1
ODAVUN01_ODAVUN,18.25567910884274,1_1
ODEROH01_ODEROH06,3.6870946703559184,1_1
ODIGOZ01_ODIGOZ,0.2500788754879295,1_1
OFIMEW01_OFIMEW,13.23217868504912,1_1
OFOGAR01_OFOGAR,3.493647829722022,1_1
OFOJOI01_OFOJOI,7.876476399815147e-05,2_1
OGEPUM01_OGEPUM,5.2510041655295936e-05,1_1
OHADAD01_OHADAD,6.526389135055524,1_1
OHENOE01_OHENOE,23.193176031562587,2_1
OHOZOB01_OHOZOB,5.284895205199177,1_1
OHUZUO01_OHUZUO02,1.5467083050558301,1_4
OHUZUO01_OHUZUO,1.546737185548892,1_2
OHUZUO02_OHUZUO,1.5467345599274154,2_2
OLATUR01_OLATUR,13.366814324995744,1_1
OMEFAN01_OMEFAN,2.1455848547974483,1_1
OMIYEO02_OMIYEO,7.87650624829439e-05,1_2
ONITAN01_ONITAN03,0.001609431493250213,2_1
OQENOP01_OQENOP,11.764839243930282,1_1
OQUPUM01_OQUPUM,0.00010502008331059187,1_1
OROGEJ01_OROGEJ,0.5518013348574868,1_1
OTAMAY01_OTAMAY,0.009950644834589184,1_1
OVEPUC01_OVEPUC,1.327111485019259,1_1
OWOHAL01_OWOHAL,2.9925685296343545,2_1
OZODUE01_OZODUE,2.267633848027174,1_1
PACFOO01_PACFOO,0.00010764555554487742,1_1
PAHDEI01_PAHDEI,14.717581564976172,1_1
PAMTAY01_PAMTAY,0.0003938244169603422,2_1
PAMVIK01_PAMVIK03,0.928376800402134,1_1
PAMVIK01_PAMVIK04,5.250944468571106e-05,1_2
PAMVIK01_PAMVIK,0.0002888049306193352,1_1
PAMVIK03_PAMVIK04,0.9284293098468197,1_2
PAMVIK03_PAMVIK,0.9286656053327533,1_1
PAMVIK04_PAMVIK,0.0002888049306193352,1_1
PAQMIE01_PAQMIE,0.010349721091472475,1_1
PAWHEC01_PAWHEC,5.2510041655295936e-05,1_1
PAZTUI01_PAZTUI,1.7017178248972868,2_1
PBBTAZ02_PBBTAZ,0.02286810493330904,1_1
PCHSAN01_PCHSAN,7.876416702856659e-05,1_1
PDABZA02_PDABZA03,0.0013153756181623066,2_2
PEDTUP01_PEDTUP02,1.4116788399460347,1_1
PEFGIR01_PEFGIR02,0.08886004769800593,1_1
PEFGIR01_PEFGIR03,2.5306380597320413,1_1
PEFGIR02_PEFGIR03,2.4417780120340353,1_1
PEFKAO01_PEFKAO,12.030854904822718,1_1
PEFKOC01_PEFKOC,0.00036757029158707155,1_1
PEFKUI01_PEFKUI,0.000446335055585223,1_1
PEJCAJ01_PEJCAJ,0.2136028034976789,2_1
PEJHOD01_PEJHOD,0.00010502008331059187,1_1
PEJJOF01_PEJJOF02,0.0,1_1
PEJJOF01_PEJJOF,0.008112795167562581,1_1
PEJJOF02_PEJJOF,0.008112795167562581,1_1
PHBARB06_PHBARB12,7.075428443871033,2_2
PHBARB06_PHBARB14,0.0008769169792799403,1_2
PHBARB12_PHBARB14,7.075333925975144,2_2
PHENOL03_PHENOL11,0.0005933629931291762,3_3
PHPENA02_PHPENA,3.8848394535115744,2_2
PIPINE12_PIPINE13,1.1834572524327314,2_2
POFHUN01_POFHUN,6.826317354580169e-05,1_2
POFLAX01_POFLAX,0.7091633030428284,1_1
POFPAC01_POFPAC,0.001444025250066261,1_1
POFRAE01_POFRAE,4.7300561667302645,1_1
POHJON01_POHJON,11.084808490029332,2_1
POPFAC01_POPFAC,1.2720547502209456,1_1
POPJUA01_POPJUA,0.0003150602499317756,1_1
POWWUW01_POWWUW,11.613636699870199,1_1
POXHYN10_POXHYN11,0.6623427615025435,1_1
PUBMUU01_PUBMUU07,11.447468805280778,1_1
PUBMUU01_PUBMUU25,5.286864330268827,1_1
PUBMUU07_PUBMUU25,6.160604475011951,1_1
PUFSIT01_PUFSIT,2.336537469945142,1_1
PUGVUK01_PUGVUK,8.006068425217904,1_1
PUGWUK01_PUGWUK,3.1319589505396834,1_2
PUKPUH01_PUKPUH,0.0002625496113068948,1_1
PULNUF01_PULNUF,7.571075584596883,1_1
PUQYOQ01_PUQYOQ02,0.0002625496113068948,1_2
PUQYOQ01_PUQYOQ03,2.803535154986889,1_1
PUQYOQ01_PUQYOQ,0.00010502008331059187,1_1
PUQYOQ02_PUQYOQ03,2.8036401750702,1_1
PUQYOQ02_PUQYOQ,0.0003675696946174867,2_1
PUQYOQ03_PUQYOQ,2.8036401750702,1_1
PURSEB01_PURSEB02,11.870699405525556,1_1
PURSEB01_PURSEB,6.730049170135317,1_1
PURSEB02_PURSEB,5.14065023539024,1_1
QAHWUU03_QAHWUU,0.954151333544246,1_2
QAKZUY01_QAKZUY,1.28008878062451,1_1
QARZOB01_QARZOB,0.0,1_1
QAXMEH02_QAXMEH04,2.583675784891284,1_1
QAXMEH02_QAXMEH05,2.625472234285553e-05,1_1
QAXMEH02_QAXMEH12,2.5836495295719715,1_1
QAXMEH02_QAXMEH19,2.5837020396136268,1_1
QAXMEH02_QAXMEH31,0.00015752952799630293,1_1
QAXMEH02_QAXMEH32,7.876476399815147e-05,1_1
QAXMEH02_QAXMEH34,0.000105019486341007,1_1
QAXMEH02_QAXMEH52,2.5836495295719715,1_1
QAXMEH02_QAXMEH53,2.5836232748496286,1_1
QAXMEH04_QAXMEH05,2.583649530168941,1_1
QAXMEH04_QAXMEH12,2.6255319312440406e-05,1_1
QAXMEH04_QAXMEH19,2.625472234285553e-05,1_1
QAXMEH04_QAXMEH31,2.5835445100856305,1_2
QAXMEH04_QAXMEH32,2.5835970201272858,1_1
QAXMEH04_QAXMEH34,2.583570765404943,1_1
QAXMEH04_QAXMEH52,2.6255319312440406e-05,1_1
QAXMEH04_QAXMEH53,5.2510041655295936e-05,1_1
QAXMEH05_QAXMEH12,2.5836232748496286,1_1
QAXMEH05_QAXMEH19,2.583675784891284,1_1
QAXMEH05_QAXMEH31,0.0001312748056534474,1_1
QAXMEH05_QAXMEH32,5.2510041655295936e-05,1_1
QAXMEH05_QAXMEH34,7.876476399815147e-05,1_1
QAXMEH05_QAXMEH52,2.5836232748496286,1_1
QAXMEH05_QAXMEH53,2.5835970201272858,1_1
QAXMEH12_QAXMEH19,5.2510041655295936e-05,1_1
QAXMEH12_QAXMEH31,2.583518254766318,1_2
QAXMEH12_QAXMEH32,2.5835707648079733,1_1
QAXMEH12_QAXMEH34,2.5835445100856305,1_1
QAXMEH12_QAXMEH52,0.0,1_1
QAXMEH12_QAXMEH53,2.625472234285553e-05,1_1
QAXMEH19_QAXMEH31,2.5835707648079733,1_2
QAXMEH19_QAXMEH32,2.5836232748496286,1_1
QAXMEH19_QAXMEH34,2.5835970201272858,1_1
QAXMEH19_QAXMEH52,5.2510041655295936e-05,1_1
QAXMEH19_QAXMEH53,7.876476399815147e-05,1_1
QAXMEH31_QAXMEH32,7.876476399815147e-05,1_1
QAXMEH31_QAXMEH34,5.2510041655295936e-05,1_1
QAXMEH31_QAXMEH52,2.583518254766318,2_1
QAXMEH31_QAXMEH53,2.583492000043975,2_1
QAXMEH32_QAXMEH34,2.625472234285553e-05,1_1
QAXMEH32_QAXMEH52,2.5835707648079733,1_1
QAXMEH32_QAXMEH53,2.5835445100856305,1_1
QAXMEH34_QAXMEH52,2.5835445100856305,1_1
QAXMEH34_QAXMEH53,2.5835182553632876,1_1
QAXMEH52_QAXMEH53,2.625472234285553e-05,1_1
QAYVIY01_QAYVIY,2.1003777874284424e-05,1_1
QEDTIC01_QEDTIC,3230.676657791926,1_1
QEGBUB01_QEGBUB,0.15416935992118397,1_1
QELQOO02_QELQOO,7.0994964024502565,1_1
QERNAF01_QERNAF,0.00018378544427832821,1_1
QESZUK01_QESZUK,0.10583390508202228,1_1
QEZGIO01_QEZGIO,9.569159850584583,1_1
QIBMUM01_QIBMUM04,2.625472234285553e-05,1_1
QIBMUM01_QIBMUM,7.876476399815147e-05,1_1
QIBMUM04_QIBMUM,5.2510041655295936e-05,1_1
QICMEX01_QICMEX,0.6005043599882356,1_1
QIFJAS01_QIFJAS02,0.9208153597764976,1_1
QIFJAS01_QIFJAS,3.135818435318015,1_1
QIFJAS02_QIFJAS,2.2150030755415173,1_1
QILKUT01_QILKUT02,2.2216193348203888,1_2
QINCUL01_QINCUL,0.0019166144310247546,1_1
QNACRD04_QNACRD06,7.876476399815147e-05,1_1
QNACRD04_QNACRD07,0.026281255253024938,1_1
QNACRD06_QNACRD07,0.02636002001702309,1_1
QOGNEF01_QOGNEF,2.625472234285553e-05,1_1
QOHBEV01_QOHBEV,0.4092550634932195,1_1
QOVREZ01_QOVREZ,0.8795424998687622,1_1
QQQDVM02_QQQDVM03,16.79550728452955,1_1
QUBPAF02_QUBPAF,22.503764365376128,1_1
QUNDIO01_QUNDIO,3.2126510669592676,1_1
QUZREJ02_QUZREJ,7.876476399815147e-05,2_1
RADTEW01_RADTEW02,3.431659774797936,1_1
RAMGOB01_RAMGOB02,1.5753131890505756e-05,1_1
RAPFEW01_RAPFEW,29.170670259670942,1_1
RASXIS01_RASXIS,7.876476399815147e-05,1_1
RECQOH01_RECQOH,19.88779493053653,1_1
REFGIS01_REFGIS,0.005854864868808818,1_1
RELBUI01_RELBUI,0.00013127540262303228,1_1
RENNOQ01_RENNOQ,2.625472234285553e-05,1_1
RENPAE01_RENPAE,1.922732415312339,1_1
REPWUG01_REPWUG,0.26984888975448484,1_1
REWDOM01_REWDOM,6.390335725178147,1_1
REYTEU01_REYTEU,0.3806974999342856,1_1
RIHVUZ01_RIHVUZ,1.2349826900638163,1_1
RIJJEC01_RIJJEC,0.009793114709623296,1_1
RIJZOC01_RIJZOC,0.813589940083034,1_1
RIPDOM01_RIPDOM,5.250944468571106e-05,1_1
ROKCEZ01_ROKCEZ,3.5417207349498767,1_1
RUCJUV04_RUCJUV,2.6255319312440406e-05,1_1
RUFHIK02_RUFHIK,7.123401579960046,1_1
RUPJOD01_RUPJOD,0.06330080477152933,1_1
RUQJEU01_RUQJEU,0.2738396499354394,1_1
RUXWAI01_RUXWAI,13.952274569690644,1_1
SAGXOP01_SAGXOP03,0.00013127540262303228,1_1
SAGXOP01_SAGXOP,5.2510041655295936e-05,1_1
SAGXOP03_SAGXOP,7.876536096773634e-05,1_1
SAMPYM01_SAMPYM,0.4250421951894623,1_1
SAPDAQ02_SAPDAQ,35.77595566993023,1_1
SAPJAV01_SAPJAV,1.0765862750727138,1_1
SAPNII01_SAPNII,0.0002888049306193352,1_1
SAWKIL01_SAWKIL,0.0,1_1
SEBTAU01_SEBTAU,0.4676015502222981,1_1
SELJOI01_SELJOI,0.7034764704864074,1_1
SEPBAS01_SEPBAS,0.08167930502361287,1_1
SERSOZ01_SERSOZ,1.8415256994696847,1_1
SESYAR01_SESYAR,0.000890044340451368,1_1
SEVGUV01_SEVGUV,2.449003388034896,1_1
SEWYIF01_SEWYIF,0.00018378484730874334,1_1
SEYYIG03_SEYYIG,0.9153805749424464,1_1
SIBTAZ01_SIBTAZ,5.250944468571106e-05,1_1
SICXIL01_SICXIL,0.08745540482993874,1_1
SIFLOI01_SIFLOI,0.0005251004165529594,1_1
SIHNII01_SIHNII,0.45906867531846274,1_1
SILTOW11_SILTOW12,5.459543464650778,1_1
SILTOW11_SILTOW,3.5334241549350054,1_1
SILTOW12_SILTOW,8.992967619585784,1_1
SILTUC01_SILTUC,4.725909718672483e-05,1_1
SILXUG01_SILXUG02,11.058606000137274,1_1
SIMLIK01_SIMLIK,4.695627985170631,1_1
SIMXUI01_SIMXUI,2.765772588468508,1_1
SIRDUT01_SIRDUT,0.1368148051828939,1_1
SIRMIQ01_SIRMIQ,0.0014177699307538205,1_1
SISSOE01_SISSOE,29.637221610254073,1_1
SIWDEH01_SIWDEH,11.793509705183169,1_1
SLFNMA01_SLFNMA04,0.5982201752656238,1_1
SLFNMB01_SLFNMB05,2.6255319312440406e-05,1_1
SLFNMB01_SLFNMB08,0.0003675696946174867,1_1
SLFNMB05_SLFNMB08,0.0003938250139299271,1_1
SOBPEE01_SOBPEE02,5.2510041655295936e-05,1_1
SOBPEE01_SOBPEE,0.00013652604860681095,1_1
SOBPEE02_SOBPEE,8.401600695151501e-05,1_1
SOHXAO01_SOHXAO,2.3629250108569977e-05,1_1
SOJHIL01_SOJHIL,0.4265124751618714,1_1
SOLPUF01_SOLPUF,17.298815635019878,1_1
SOPPEU01_SOPPEU,6.461381754825652,1_1
SOXQUS01_SOXQUS,1.305004775092982,1_1
SOYSAB01_SOYSAB,8.019715774059875,1_1
STARAC05_STARAC08,2.625472234285553e-06,1_1
SUBTIS02_SUBTIS03,2.255225734616147,1_1
SUCQOW01_SUCQOW,3.5031101319452773,1_1
SUDXAS01_SUDXAS,10.437885289632959,1_1
SUPBEK03_SUPBEK,3.659999509755721,1_1
SUTHAZ07_SUTHAZ30,0.6962826001523581,1_1
SUTHAZ07_SUTHAZ37,0.6963613649163563,1_1
SUTHAZ30_SUTHAZ37,7.876476399815147e-05,1_1
SUWMIG02_SUWMIG03,0.00023629488896403927,1_1
SUYNAB02_SUYNAB,0.00032556213886891783,1_1
TACRIB04_TACRIB05,6.866417639665656,1_1
TADLIU01_TADLIU02,5.3593543845694285,1_1
TADLIU01_TADLIU03,0.0025204802085454503,1_1
TADLIU01_TADLIU04,0.002100399875303083,1_1
TADLIU02_TADLIU03,5.361874864777974,1_1
TADLIU02_TADLIU04,5.357253984694125,1_1
TADLIU03_TADLIU04,0.004620880083848533,1_1
TADTAU01_TADTAU,2.562540509541691,1_1
TADXAA02_TADXAA,7.7313361051712945,1_1
TAFKET01_TAFKET,30.709554574937556,1_1
TAPBIY01_TAPBIY,0.18100196971613514,1_1
TAPDIA01_TAPDIA,1.5753131890505756e-05,1_1
TAPSAF01_TAPSAF,0.09745330906019944,1_1
TAQDIZ01_TAQDIZ,4.217603199738846,1_1
TARJIG02_TARJIG,0.0007876512217990239,1_1
TASVIS01_TASVIS,8.403385339904275,1_1
TAXTEU02_TAXTEU,5.125343569888628,1_1
TAYNEP01_TAYNEP,0.0,1_1
TDBOCP01_TDBOCP,2933.996013705278,1_1
TEGVAF01_TEGVAF02,2.6255319312440406e-05,1_1
TEGVAF01_TEGVAF,0.9357544549865224,1_1
TEGVAF02_TEGVAF,0.93572819966721,1_1
TEHNID02_TEHNID,19.283378575131337,1_1
TEHTUX01_TEHTUX,4.569315179961222,1_1
TELKUQ01_TELKUQ,0.42144526002243765,1_1
TERWIW01_TERWIW,0.0001575301249658878,1_1
TETBBZ02_TETBBZ09,0.0007876512217990239,1_1
TETNIP01_TETNIP,13.57711687527069,1_1
TEVJOU02_TEVJOU,0.02134531491924463,1_1
THBARB02_THBARB03,0.00010764555554487742,1_1
TIBGAN01_TIBGAN,3.4131736015297065e-05,1_1
TICDOZ01_TICDOZ,16.1376882603397,1_1
TIHVUC01_TIHVUC,0.00010502127724976162,1_1
TIJZIV01_TIJZIV,1.585014350147162,1_1
TIPQER03_TIPQER04,28.624172435438823,1_1
TIPQER03_TIPQER,30.12511827456251,1_1
TIPQER04_TIPQER,1.5009458391236876,1_1
TIXVAY01_TIXVAY,0.018399504029957825,1_1
TIYDOW01_TIYDOW,42.233057859644305,1_1
TIYQAU01_TIYQAU,0.8490867001844435,1_1
TIZCUD03_TIZCUD,0.000446335055585223,1_1
TIZWAA02_TIZWAA,6.198779244849902,1_1
TNBENZ11_TNBENZ12,0.013707735300329205,1_1
TOHBUN02_TOHBUN,20.390551925290993,1_1
TOKSAO01_TOKSAO02,2.888049306193352e-05,1_1
TOKSAO01_TOKSAO03,2.3629548593362415e-05,1_1
TOKSAO02_TOKSAO03,5.250944468571106e-06,1_1
TOQKIV01_TOQKIV,4.42587361301355,1_1
TOQPUM02_TOQPUM,0.00010502008331059187,1_1
TSCARB01_TSCARB,13.103214125422483,1_1
TUDLUZ01_TUDLUZ,0.000498845097240519,1_1
TUHXID01_TUHXID,0.12807188951546777,1_1
TUJHOX01_TUJHOX,0.0020216351113049313,1_1
TUJHUD01_TUJHUD,16.13561411458977,1_1
TUMDIP01_TUMDIP,5.261869570140902,1_1
TUPNOI01_TUPNOI,7.876536096773634e-05,1_1
TUVMUU01_TUVMUU,23.51484441452476,1_1
TUWFIB01_TUWFIB,12.963169955065666,1_1
TUZYIY01_TUZYIY,12.317323210224743,1_1
UBABAC01_UBABAC,0.6000632758771189,1_1
UBEDUA01_UBEDUA,1.0433474449715732,1_1
UCAYED02_UCAYED,0.00024154583343261038,1_1
UCECAG03_UCECAG,0.0,1_1
UDUQAM01_UDUQAM,8.511792235236499,1_1
UFAGIS01_UFAGIS,19.733704334782374,1_1
UFOGON01_UFOGON,0.9443923499736684,1_1
UGIVAI01_UGIVAI,15.216977920049544,1_1
UHAVEG01_UHAVEG,0.00018378484730874334,1_1
UHIBAO01_UHIBAO,2.373903586275844,1_1
UHUHAI01_UHUHAI,0.0,1_1
UHULEQ01_UHULEQ02,2.6255319312440406e-05,1_1
UHULEQ01_UHULEQ,7.876536096773634e-05,1_1
UHULEQ02_UHULEQ,5.2510041655295936e-05,1_1
UJEZIU01_UJEZIU02,4.5487837697921805,1_1
UJEZIU01_UJEZIU,16.219945175224552,1_1
UJEZIU02_UJEZIU,20.768728945016733,1_1
UJICEX01_UJICEX,2.625472234285553e-05,1_1
UJIWEQ01_UJIWEQ,0.5443711702314431,1_1
UKOYUO01_UKOYUO,9.172971900898347,1_1
ULIJIJ01_ULIJIJ,0.0002888049306193352,1_1
UMOMAL01_UMOMAL,5.2510041655295936e-05,1_1
UNEWUF01_UNEWUF,0.0002625496113068948,1_1
UNOGIN03_UNOGIN04,2.6255319312440406e-05,1_1
UQUDUH01_UQUDUH,2.625472234285553e-05,1_1
UQUYIQ01_UQUYIQ,1.5752833405713318e-05,1_1
URAQEK03_URAQEK05,4.504386565092318,1_1
URAQEK03_URAQEK,4.504465329856316,1_1
URAQEK05_URAQEK,7.876476399815147e-05,1_1
URUBOA01_URUBOA02,0.8837170448970255,1_1
UVEXID01_UVEXID,5.776098612386704e-05,1_1
UXIZAD01_UXIZAD,0.0,1_1
VALSUY01_VALSUY,8.49375504995669,1_1
VALTEJ01_VALTEJ,10.602346609957976,1_1
VAMBOA01_VAMBOA03,3.825826089969837,1_1
VAPKIG01_VAPKIG,4.963455239813811,1_1
VARFAX01_VARFAX,0.0,1_1
VAWZOJ02_VAWZOJ,1.2287497530144833,1_1
VAYSET01_VAYSET,14.90128780034513,1_1
VAZRIX01_VAZRIX,6.671369245447636,1_1
VEBBUA01_VEBBUA,8.389575210888324,1_1
VEFWOS01_VEFWOS,1.8360751618022277,1_1
VEGMAV01_VEGMAV05,2.9323526869744683,1_1
VEMTOW01_VEMTOW,0.588505824723029,1_1
VENVOZ01_VENVOZ,19.408221099771367,1_1
VIMJIM01_VIMJIM,0.0001312748056534474,1_1
VIMPAJ01_VIMPAJ03,1.5753131890505756e-05,1_1
VIRVAV01_VIRVAV,0.0013652598890985246,1_1
VISSOF01_VISSOF,1.566137004797838,1_1
VITAAC01_VITAAC10,8.87862184397477,1_1
VIWFOZ01_VIWFOZ,2.6255319312440406e-05,1_1
VIZYUA01_VIZYUA,2.4337334800400185,1_1
VOGCOL01_VOGCOL,0.6382590500899141,1_1
VOQXOP01_VOQXOP,0.0005250998195833745,1_1
VOXFUJ01_VOXFUJ,0.22080454994994625,1_1
VUGSIB01_VUGSIB,9.205554355180311,1_1
VUKGAJ01_VUKGAJ02,16.4018660697742,1_1
VUKGAJ01_VUKGAJ03,2.6255319312440406e-05,1_1
VUKGAJ02_VUKGAJ03,16.401892325093513,1_1
VUMTUS02_VUMTUS,34.59647604912334,1_1
VUSDIX01_VUSDIX03,4.472040405102348,1_1
VUSDIX01_VUSDIX04,5.904959539884317,1_1
VUSDIX01_VUSDIX06,2.625472234285553e-05,1_1
VUSDIX01_VUSDIX,0.00010502008331059187,1_1
VUSDIX03_VUSDIX04,1.4329191347819688,1_1
VUSDIX03_VUSDIX06,4.472014150380005,1_1
VUSDIX03_VUSDIX,4.471935385019037,1_1
VUSDIX04_VUSDIX06,5.904933285161974,1_1
VUSDIX04_VUSDIX,5.904854519801006,1_1
VUSDIX06_VUSDIX,7.876536096773634e-05,1_1
VUXRIQ01_VUXRIQ,2.843836580019456,1_1
VUXZEU01_VUXZEU,0.0001312748056534474,1_1
VUXZIZ02_VUXZIZ,5.250944468571106e-05,1_1
VUYPUC01_VUYPUC,2.3656805203789872,1_1
VUZWAO01_VUZWAO,1.0526364639379722,1_1
WACHEP02_WACHEP,5.2510041655295936e-05,1_1
WADRID01_WADRID,13.13918347530182,1_1
WAMFAS01_WAMFAS02,2.2012454547763127,1_1
WAMFAS01_WAMFAS04,6.186675690098355,1_1
WAMFAS01_WAMFAS,2.3051102347886854,1_1
WAMFAS02_WAMFAS04,3.985430235322042,1_1
WAMFAS02_WAMFAS,0.10386478001237265,1_1
WAMFAS04_WAMFAS,3.8815654553096692,1_1
WAPBUK01_WAPBUK02,7.876536096773634e-05,1_1
WAPREL01_WAPREL,6.493754170134935,1_1
WECCUC01_WECCUC,8.891492044976303,1_1
WECGIW01_WECGIW02,1.9268544497019775,1_1
WECGIW01_WECGIW,0.11533821486102624,1_1
WECGIW02_WECGIW,1.8115162348409513,1_1
WEFTAD01_WEFTAD,0.000105019486341007,1_1
WEHXUD01_WEHXUD,3.524628730419863,1_1
WEJNEE01_WEJNEE,0.9935942196046881,1_1
WENVER01_WENVER,4.711407239853202,1_1
WEPDEB01_WEPDEB,0.2795632402970796,1_1
WERTUI01_WERTUI,0.23369312955560417,1_1
WEZDIP01_WEZDIP,0.0,1_1
WIMKAH01_WIMKAH,0.00018378544427832821,1_1
WIRXAW01_WIRXAW02,1.5752833405713318e-05,1_1
WIRXAW01_WIRXAW03,1.837860412479131e-05,1_1
WIRXAW02_WIRXAW03,3.413143753050463e-05,1_1
WIZHUJ01_WIZHUJ,0.8360117099607578,1_1
WODQOX01_WODQOX,0.024679700474962374,1_1
WODVUJ01_WODVUJ,0.0,1_1
WOGRIT01_WOGRIT,0.41960740975844146,1_1
WOLXOK02_WOLXOK03,0.00021004016662118374,1_1
WOLYUS02_WOLYUS,0.09693083441436556,1_1
WOSLUN02_WOSLUN,2.556160544554814,1_1
WUCGUW02_WUCGUW,26.20873868969295,1_1
WULDUD01_WULDUD,9.518645229912181,1_1
WULZIM01_WULZIM,1.7691144099330813,1_1
WUTCEU03_WUTCEU,6.519457815526721,1_1
WUVYUH01_WUVYUH,6.246038245327554,1_1
WUWQUC01_WUWQUC,1.2581133452054019,1_1
WUZQEO01_WUZQEO,2.3843977095341415,1_1
XAFPAY01_XAFPAY02,9.902204525027287,1_1
XAFPAY01_XAFPAY03,2.625472234285553e-05,1_1
XAFPAY01_XAFPAY,0.11444554534682538,1_1
XAFPAY02_XAFPAY03,9.90223077974963,1_1
XAFPAY02_XAFPAY,9.787758979680461,1_1
XAFPAY03_XAFPAY,0.11447180006916824,1_1
XALPEI01_XALPEI,0.00498844977846602,1_1
XARMUA01_XARMUA,8.926695142008612e-05,1_1
XEBMIB01_XEBMIB02,9.40829546542659,1_1
XEDLIC01_XEDLIC,16.893517199971598,1_1
XEHHEX01_XEHHEX,7.876536096773634e-05,1_1
XEYZIL01_XEYZIL,2.251681310087747,1_1
XILPUD01_XILPUD02,0.011872510807052095,1_1
XILPUD01_XILPUD,6.929689564541093,1_1
XILPUD02_XILPUD,6.941562075348145,1_1
XILQOY01_XILQOY,7.301673029897984,1_1
XIMCON01_XIMCON,1.0203953240313126,1_1
XIMMEL01_XIMMEL,4.033568777355754,1_1
XIQBIL01_XIQBIL,0.06847303999427368,1_1
XIYXEL01_XIYXEL,4.693658860100982,1_1
XIYXIN01_XIYXIN,7.876476399815147e-05,1_1
XOGMUE01_XOGMUE,2.625472234285553e-05,1_1
XOJXOL01_XOJXOL02,2.625472234285553e-06,1_1
XOKYAZ01_XOKYAZ,8.485799784914093,1_1
XOPWEF01_XOPWEF03,1.837830563999887e-05,1_1
XOPWEF01_XOPWEF,2.3629548593362415e-05,1_1
XOPWEF03_XOPWEF,4.2007854233361286e-05,1_1
XUJPEZ01_XUJPEZ,0.0,1_1
XUNRON01_XUNRON,3.4661588447048644,1_1
XUZQUG01_XUZQUG,5.2510041655295936e-05,1_1
YABHEP01_YABHEP,0.0003938250139299271,1_1
YACTEC01_YACTEC,3.885986796817349,1_1
YAFQEC01_YAFQEC,2.998777837135094,1_1
YAMTUC01_YAMTUC,0.011394670084655445,1_1
YAPNEK01_YAPNEK,14.811416935389957,1_1
YAQBAV01_YAQBAV,0.039251224796430506,1_1
YATCII01_YATCII,2.625472234285553e-05,1_1
YAXMUH01_YAXMUH,5.250944468571106e-06,1_1
YEHRUB01_YEHRUB,0.09709099001156574,1_1
YEJJEF01_YEJJEF,5.250944468571106e-06,1_1
YELHUS01_YELHUS,7.696023129917194,1_1
YERRUI01_YERRUI02,4.564484259710753,1_1
YERRUI01_YERRUI,0.00031505965296219074,1_1
YERRUI02_YERRUI,4.5641692000577905,1_1
YEVLIX01_YEVLIX,0.0,1_1
YEWYAD01_YEWYAD,2.6255319312440406e-05,1_1
YIBKUS01_YIBKUS,4.333414004377801,1_1
YICBER01_YICBER,5.300884500048369,1_1
YIPPAR01_YIPPAR,0.3266909653721086,1_1
YIQJEN01_YIQJEN,2.000683510363274,1_1
YIQVEC01_YIQVEC02,0.665275444732174,1_1
YIQVIE01_YIQVIE,30.915735090225894,1_1
YIQXUU01_YIQXUU,3.16721941455819,1_1
YITFAL01_YITFAL,3.0274640500274472,1_1
YIVRIF01_YIVRIF,5.2510041655295936e-05,1_1
YIXBOZ01_YIXBOZ,0.019953799710833664,1_1
YIXTEF01_YIXTEF,1.4527679150064614,1_1
YOFNAK01_YOFNAK,2.7823788761579067,1_1
YOHYUS01_YOHYUS,0.19591481020381707,1_1
YOMBAF01_YOMBAF,2.7924030351105102,1_1
YONHUH01_YONHUH,1.849302430907926,1_1
YONVOP03_YONVOP04,0.0010869568474163316,1_1
YONVOP03_YONVOP,5.250944468571106e-06,1_1
YONVOP04_YONVOP,0.0010922077918849027,1_1
YONWII01_YONWII,9.727923835270303,1_1
YORYAH01_YORYAH02,2.6255319312440406e-05,1_1
YORYAH01_YORYAH,0.5969861895852091,1_1
YORYAH02_YORYAH,0.5970124449045215,1_1
YOWXAK01_YOWXAK,7.3879180794915555,1_1
YOWYOY02_YOWYOY,7.630989494964979,1_1
YUCCIJ01_YUCCIJ02,0.4803089695574272,1_1
YUCCIJ01_YUCCIJ04,0.000997689597511453,1_1
YUCCIJ02_YUCCIJ04,0.47931127995991574,1_1
YUFVOL01_YUFVOL,2.5017601843817374,1_1
YUHHUE03_YUHHUE04,7.35141180143728e-05,1_1
YUKGUG01_YUKGUG02,5.2510041655295936e-05,1_1
YUPXIR01_YUPXIR,0.000105019486341007,1_1
YUTCEV01_YUTCEV02,4.005909134852459,1_1
YUTCEV01_YUTCEV03,2.6180960900342143,1_1
YUTCEV01_YUTCEV,5.392829510156503,1_1
YUTCEV02_YUTCEV03,6.624005224886673,1_1
YUTCEV02_YUTCEV,9.398738645008962,1_1
YUTCEV03_YUTCEV,2.7747334201222884,1_1
ZAMWOC01_ZAMWOC,1.8593003351381867,1_1
ZAQZUM01_ZAQZUM,2.389126235173535,1_1
ZEARLN01_ZEARLN02,9.808027840238196,1_1
ZECZIQ01_ZECZIQ02,7.921522074069003,1_1
ZEHJUR01_ZEHJUR02,2.625472234285553e-05,1_1
ZEKPOW01_ZEKPOW02,0.3145611553012486,1_1
ZENVAP03_ZENVAP,5.250944468571106e-06,1_1
ZEPFAB01_ZEPFAB,5.2510041655295936e-05,1_1
ZILQOA01_ZILQOA,13.673590872442048,1_1
ZIPKOA01_ZIPKOA,0.000446335055585223,1_1
ZISPUO01_ZISPUO,4.1360551701178565,1_1
ZIVGEQ01_ZIVGEQ,11.560759129711187,1_1
ZIVMIC01_ZIVMIC,2.883586649913127,1_1
ZOGQAN04_ZOGQAN05,0.000105019486341007,1_1
ZOGQAN04_ZOGQAN,5.176225759658678,1_1
ZOGQAN05_ZOGQAN,5.176120740172337,1_1
ZOHLOA01_ZOHLOA,0.08884692003834971,1_1
ZOYLII01_ZOYLII05,0.00038332297575038865,1_1
ZOYMOP03_ZOYMOP04,1.3127361171427765e-05,1_1
ZOYMOP03_ZOYMOP06,2.888049306193352e-05,1_1
ZOYMOP03_ZOYMOP07,0.014424496980893764,1_1
ZOYMOP03_ZOYMOP08,1.0501888937142212e-05,1_1
ZOYMOP04_ZOYMOP06,1.5753131890505756e-05,1_1
ZOYMOP04_ZOYMOP07,0.014437624342065192,1_1
ZOYMOP04_ZOYMOP08,2.625472234285553e-06,1_1
ZOYMOP06_ZOYMOP07,0.014453377473955697,1_1
ZOYMOP06_ZOYMOP08,1.837860412479131e-05,1_1
ZOYMOP07_ZOYMOP08,0.014434998869830906,1_1
ZUHXAB02_ZUHXAB,2.6255319312440406e-05,1_1
ZULGEU01_ZULGEU02,5.2510041655295936e-05,1_1
ZULGEU01_ZULGEU03,0.6774577648446893,1_1
ZULGEU01_ZULGEU04,12.885665194771832,1_1
ZULGEU01_ZULGEU05,0.6707102301631949,1_1
ZULGEU02_ZULGEU03,0.6775102748863446,1_1
ZULGEU02_ZULGEU04,12.885717704813487,1_1
ZULGEU02_ZULGEU05,0.6707627402048502,1_1
ZULGEU03_ZULGEU04,12.208207429927143,1_1
ZULGEU03_ZULGEU05,0.0067475346814944714,1_1
ZULGEU04_ZULGEU05,12.214954964608637,1_1
ZUMXIQ02_ZUMXIQ,17.481873371583333,1_1
ZZZDDJ01_ZZZDDJ02,0.14091058485018948,1_1
ZZZPNG01_ZZZPNG02,0.00021004016662118374,1_1
ZZZPUS07_ZZZPUS10,0.006327454945221689,1_1
ZZZPUS07_ZZZPUS11,5.938119605221459,1_1
ZZZPUS07_ZZZPUS20,2.347590825057523,1_1
ZZZPUS10_ZZZPUS11,5.931792150276237,1_1
ZZZPUS10_ZZZPUS20,2.3539182800027447,1_1
ZZZPUS11_ZZZPUS20,8.285710430278982,1_1
ZZZQPG01_ZZZQPG02,6.260741045051645,1_1
ZZZZCB02_ZZZZCB03,0.10723854765160468,1_1
