Refcodes,Delta_strain_energy,components
ABADIS_ABADIS01,3.1429519185967365,1_1
ABEFUJ_ABEFUJ01,14.948861859281806,1_1
ABEYOY_ABEYOY01,2.587167699974998,1_1
ABIZAP_ABIZAP01,0.0,1_1
ACAPIE_ACAPIE01,2.909526589596908,1_1
ACRDIN05_ACRDIN06,5.250944468571106e-06,2_1
ACULIV_ACULIV01,2.0858993634985836,1_1
ADIPAC05_ADIPAC12,0.3970202333390489,2_1
AGAQUW_AGAQUW01,0.1290170702652631,1_1
AGOQEU_AGOQEU01,0.4660236243958593,2_1
AHAPEG_AHAPEG01,7.352108885806388,1_1
AHEGEZ_AHEGEZ01,1.5560813398799382,2_2
AMEXOH_AMEXOH01,12.13444925880708,1_1
AMOCMS10_AMOCMS11,0.9261713804435203,1_2
AMUBIV_AMUBIV02,0.25747753385019223,1_1
ANISAZ05_ANISAZ07,0.27818485244984004,2_1
ANONEX_ANONEX01,4.251078324728951,1_1
ANONEX_ANONEX02,1.7578510146540793,1_1
ANONEX01_ANONEX02,2.4932273100748716,1_1
ANUKAW_ANUKAW01,0.39584663531093156,1_1
APGPAL_APGPAL01,7.944763000238368,1_1
APLYSU10_APLYSU11,0.28799109511760435,1_1
APUDEV_APUDEV01,0.0,1_1
APUQOT_APUQOT01,3.214819730605086,1_1
AQEMIT_AQEMIT02,1.4964562350394317,1_1
ATIWOP_ATIWOP01,20.49475802027564,1_1
AWIHUK_AWIHUK01,2.9758467202711927,1_1
AYEDUD_AYEDUD01,1.5423499750310157,1_1
AZADAG_AZADAG01,2.2859178291894295,1_2
AZADAG_AZADAG02,2.5931538393509754,1_1
AZADAG01_AZADAG02,0.3072360101615459,2_1
AZAFAJ_AZAFAJ01,2.078923410344828,1_1
AZAJAN_AZAJAN01,3.9190575946061017,1_1
AZESEE_AZESEE01,4.517120240343729,1_1
BADNAY_BADNAY01,0.717129070272847,1_1
BANDIF_BANDIF01,0.5213192804508253,1_1
BANGOM01_BANGOM02,0.4745853803897262,1_1
BANHOO_BANHOO01,1.6405095435843577,1_1
BANHOO_BANHOO02,0.6354103822702655,1_1
BANHOO01_BANHOO02,2.275919925854623,1_1
BAQBEA_BAQBEA01,0.0,1_1
BASVUM_BASVUM01,5.119291792811339,1_1
BATWOI_BATWOI01,10.680560255217188,1_1
BATWUP_BATWUP01,1.289120501819525,1_1
BAWNIW_BAWNIW02,0.00021004016662118374,1_2
BAWNIW_BAWNIW07,0.00018378544427832821,1_1
BAWNIW02_BAWNIW07,2.625472234285553e-05,2_1
BAZKEV_BAZKEV01,4.03442206478644,1_1
BDOTHY_BDOTHY01,10.586856160206025,1_1
BDTOLE13_BDTOLE14,0.05723590003458412,1_1
BECMUT_BECMUT01,3.8401613199993108,1_1
BEDMIG02_BEDMIG03,8.113766434689296,1_1
BEDMIG02_BEDMIG05,3.8683066802386747,1_1
BEDMIG02_BEDMIG06,1.8233309846618795,1_1
BEDMIG02_BEDMIG17,12.144801605072303,1_1
BEDMIG03_BEDMIG05,4.245459754450621,1_1
BEDMIG03_BEDMIG06,9.937097419351176,1_1
BEDMIG03_BEDMIG17,4.0310351703830065,1_1
BEDMIG05_BEDMIG06,5.691637664900554,1_1
BEDMIG05_BEDMIG17,8.276494924833628,1_1
BEDMIG06_BEDMIG17,13.968132589734182,1_1
BEFDUO_BEFDUO01,6.028699354843525,1_1
BEHZOF_BEHZOF01,1.2702694099986047,1_1
BEMLOU03_BEMLOU23,17.9975136947005,1_1
BENZIE01_BENZIE02,2.343634196314099,1_1
BESSOJ_BESSOJ01,0.6035761953356769,1_1
BICCIZ_BICCIZ02,6.186465649334764,1_2
BICCIZ_BICCIZ04,5.363555184320035,1_2
BICCIZ02_BICCIZ04,0.8229104650147292,2_2
BIHXIA_BIHXIA01,1.986873379556414,2_1
BIINDO_BIINDO01,0.15970653936631152,1_2
BIJFAC02_BIJFAC03,18.55535368016956,2_1
BILCOO10_BILCOO11,1.8558084200544727,1_1
BILCUW_BILCUW01,2.0619626800234983,1_1
BINMEQ04_BINMEQ12,1.496272450192123,1_1
BIRKIW02_BIRKIW04,0.0,1_1
BIVRAA_BIVRAA01,0.661962063849785,1_1
BIXGIY_BIXGIY05,0.47920626047357473,1_1
BIXGIY_BIXGIY06,0.9993440646886711,1_1
BIXGIY05_BIXGIY06,1.4785503251622458,1_1
BIYSEH05_BIYSEH07,10.552540875743375,1_1
BIYSEH05_BIYSEH08,11.330187720072445,1_1
BIYSEH05_BIYSEH13,11.47154463997822,1_1
BIYSEH07_BIYSEH08,0.7776468443290696,1_1
BIYSEH07_BIYSEH13,0.9190037642348443,1_1
BIYSEH08_BIYSEH13,0.1413569199057747,1_1
BOCMOV01_BOCMOV02,0.7925334300944087,1_1
BOFYUT_BOFYUT01,3.0021017196079356,1_1
BOFZEE_BOFZEE01,8.972830034430672,1_3
BOGNAP_BOGNAP01,9.711304419921248,1_1
BOGSIC_BOGSIC01,10.14955287954308,1_1
BOLCUA_BOLCUA11,2.4581164982722044,2_1
BOLHOB_BOLHOB01,0.2411416727857727,1_1
BOLMIZ_BOLMIZ01,0.0,1_1
BORSEG_BORSEG01,1.9524662026701094,1_1
BORVAG_BORVAG01,0.4047470802078692,1_1
BROFRM02_BROFRM03,2.625472234285553e-05,1_1
BROFRM02_BROFRM05,0.0,1_1
BROFRM03_BROFRM05,2.625472234285553e-05,1_1
BUDREZ_BUDREZ01,1.2764393348188605,1_1
BUFTED_BUFTED01,0.03989447235898069,1_2
BUJBEN_BUJBEN01,4.833729284881656,2_1
BURTIT_BURTIT01,5.477633159375273,1_1
BURYOC_BURYOC01,3.823620670608193,1_1
BUVJOT_BUVJOT01,11.876186700401263,1_1
BUVKEJ_BUVKEJ01,1.3546766093281803,1_1
BUYHUZ_BUYHUZ01,6.539227830390246,1_1
BUYJAH_BUYJAH02,6.060441650249913,1_1
BUYYID10_BUYYID11,2.043846729979691,1_1
BZCHOL02_BZCHOL03,0.45814974988797985,1_1
BZCHOL02_BZCHOL04,19.623249549616503,1_1
BZCHOL03_BZCHOL04,19.165099799728523,1_1
BZINDA_BZINDA01,0.9708573894770325,1_1
CABCUD06_CABCUD34,1.540013279669779,1_1
CACKOJ_CACKOJ01,5.753651975143953,2_1
CACKOJ_CACKOJ03,2.0437417098963806,2_1
CACKOJ01_CACKOJ03,7.797393685040333,1_1
CAFCUK_CAFCUK01,10.970651749613126,1_2
CAFNUU_CAFNUU01,3.1089595702037514,1_1
CAFPEG_CAFPEG01,0.32606084606618424,1_1
CAPLEK_CAPLEK02,1.70925301139755,1_1
CEJGAC_CEJGAC01,2.413307090551257,1_1
CEJREP_CEJREP01,2.1245020894895106,1_1
CEKJAD_CEKJAD01,23.619155529592717,1_1
CEKJIL_CEKJIL01,0.06950486132780043,1_1
CEKPUG_CEKPUG01,3.772344654630274,1_1
CELBEA_CELBEA01,0.03804349503229787,1_1
CELBEA_CELBEA02,0.7284712300173624,1_1
CELBEA01_CELBEA02,0.6904277349850645,1_1
CELHIL_CELHIL01,3.100374184661291,1_1
CENRIW_CENRIW01,0.257062705058388,1_1
CENRIW_CENRIW02,0.36767501975225514,1_1
CENRIW01_CENRIW02,0.6247377248106432,1_1
CERBEG_CERBEG01,0.6684759291145497,1_1
CEVKUM_CEVKUM01,2.7493579623416053,1_1
CEVWAC_CEVWAC01,0.7137605532795988,2_1
CEWGAM_CEWGAM01,1.7967582996029705,1_1
CEZDOC_CEZDOC01,5.1700820901577345,2_1
CHIPTH_CHIPTH01,0.23361698966687072,2_1
CICYOD_CICYOD01,4.968932032800581,2_1
CIMETD_CIMETD01,2.1842059602879544,1_1
CIMETD_CIMETD04,5.393879709795669,1_2
CIMETD01_CIMETD04,7.578085670083624,1_2
CINYEE_CINYEE01,0.008427854820524772,1_1
CISRAA_CISRAA01,1.740785264249439,1_1
CIWMUS_CIWMUS01,2.8098888646544538,1_1
CIZDUK01_CIZDUK02,0.48161384358513715,1_1
CLMNCY_CLMNCY01,2.1048108399869534,1_1
COLDOX_COLDOX01,5.381224800203711,1_1
COPLAV_COPLAV01,4.602632774826361,1_1
CORDCP_CORDCP01,2.7763034692335395,1_1
COWSIR_COWSIR01,2.6131601502974036,1_1
COYLAF_COYLAF01,4.207521280098604,1_1
CUKJEY_CUKJEY01,2.9010777309985087,1_1
CUMTAF_CUMTAF01,0.4741390447371714,1_1
CUMVIP_CUMVIP01,2.62791546006315,1_1
CUNKAY_CUNKAY01,3.143209217263575,2_1
CUNKAY_CUNKAY02,4.67459247895988,2_1
CUNKAY01_CUNKAY02,1.5313832616963055,1_1
CUPQUB_CUPQUB01,6.095568214885986,1_1
CUPREM_CUPREM01,0.07823989998155412,1_1
CUPREM_CUPREM02,2.826088200267236,1_1
CUPREM01_CUPREM02,2.90432810024879,1_1
CUTCUQ01_CUTCUQ02,0.4335488147739852,1_1
CYVINC_CYVINC01,0.7562910278193726,1_1
DACMOR_DACMOR01,6.35082195017344,1_1
DADDER_DADDER04,7.87650624829439e-05,2_1
DADDER_DADDER05,0.05733304340270706,2_3
DADDER04_DADDER05,0.05725427834022412,1_3
DADTEH02_DADTEH03,0.4213664952584395,1_1
DAHMII_DAHMII01,3.563564894966362,1_2
DAKXUI_DAKXUI01,1.4625085208683686,1_1
DAKXUI_DAKXUI03,3.5734892856755778,1_1
DAKXUI01_DAKXUI03,2.110980764807209,1_1
DANQEP_DANQEP01,4.405221430524762,1_1
DANQEP_DANQEP02,7.571994510624336,1_2
DANQEP01_DANQEP02,3.166773080099574,1_2
DARWAU_DARWAU01,26.99273924518201,2_1
DASPAO_DASPAO01,2.4817880063652638,1_2
DAVVUR_DAVVUR01,1.2427541702591043,1_1
DAXSOM_DAXSOM01,1.153434659845857,1_1
DAXTIH_DAXTIH01,0.45873523646440617,1_1
DBXZCP_DBXZCP01,0.9327955164375794,1_1
DCLMAN_DCLMAN01,0.011368414765343005,1_1
DCLNAP01_DCLNAP02,0.0012602392088183478,2_2
DEDMUX_DEDMUX01,0.8203112200421856,1_1
DEDMUX_DEDMUX02,0.2916405397293147,1_1
DEDMUX01_DEDMUX02,1.1119517597715003,1_1
DEFZEV_DEFZEV01,1.1406222198304476,1_1
DEHREN_DEHREN01,0.3480809133193361,1_1
DEKDIG_DEKDIG01,4.22188276485042,1_1
DEWCAK_DEWCAK01,1.5843579755219253,1_1
DEXVEH_DEXVEH01,3.4412428499379075,1_1
DICNIM_DICNIM01,1.4392728444495333,1_1
DIFVET_DIFVET01,1.3499533346332555,1_1
DIFVET_DIFVET02,0.9760821353384017,1_1
DIFVET01_DIFVET02,2.326035469971657,1_1
DILYEC_DILYEC01,0.6456367046743026,1_1
DIVGOH_DIVGOH01,0.6179901901291487,1_1
DIXBIW_DIXBIW01,1.0431899148466073,1_1
DIZCOH_DIZCOH01,0.37881764181605604,1_1
DMFUSC03_DMFUSC04,0.9800492653737933,1_1
DOHBOC_DOHBOC01,4.737399689578638,1_1
DOLJET_DOLJET01,6.594127035063593,1_1
DONTIJ_DONTIJ03,4.271215909287093,1_1
DOPPOP_DOPPOP01,2.698016309557829,1_1
DOQNAY_DOQNAY01,0.48831674523864876,1_1
DORDUM01_DORDUM02,6.065272569903414,1_2
DORDUM01_DORDUM03,2.9960893249126457,1_1
DORDUM01_DORDUM04,3.669215014604106,1_1
DORDUM01_DORDUM05,5.651625045395576,1_1
DORDUM01_DORDUM06,4.4272231194722735,1_1
DORDUM01_DORDUM07,6.520009170068647,1_1
DORDUM01_DORDUM09,4.100322115127483,1_1
DORDUM01_DORDUM10,9.964717680367926,1_1
DORDUM02_DORDUM03,3.069183244990768,2_1
DORDUM02_DORDUM04,9.73448758450752,2_1
DORDUM02_DORDUM05,0.41364752450783726,2_1
DORDUM02_DORDUM06,10.492495689375687,2_1
DORDUM02_DORDUM07,0.45473660016523354,2_1
DORDUM02_DORDUM09,1.9649504547759307,2_1
DORDUM02_DORDUM10,3.8994451104645123,2_1
DORDUM03_DORDUM04,6.6653043395167515,1_1
DORDUM03_DORDUM05,2.6555357204829306,1_1
DORDUM03_DORDUM06,7.423312444384919,1_1
DORDUM03_DORDUM07,3.5239198451560014,1_1
DORDUM03_DORDUM09,1.1042327902148372,1_1
DORDUM03_DORDUM10,6.96862835545528,1_1
DORDUM04_DORDUM05,9.320840059999682,1_1
DORDUM04_DORDUM06,0.7580081048681677,1_1
DORDUM04_DORDUM07,10.189224184672753,1_1
DORDUM04_DORDUM09,7.769537129731589,1_1
DORDUM04_DORDUM10,13.633932694972032,1_1
DORDUM05_DORDUM06,10.07884816486785,1_1
DORDUM05_DORDUM07,0.8683841246730708,1_1
DORDUM05_DORDUM09,1.5513029302680934,1_1
DORDUM05_DORDUM10,4.3130926349723495,1_1
DORDUM06_DORDUM07,10.94723228954092,1_1
DORDUM06_DORDUM09,8.527545234599756,1_1
DORDUM06_DORDUM10,14.3919407998402,1_1
DORDUM07_DORDUM09,2.419687054941164,1_1
DORDUM07_DORDUM10,3.4447085102992787,1_1
DORDUM09_DORDUM10,5.864395565240443,1_1
DOZYAS_DOZYAS01,1.808339380007169,1_1
DPOBCO_DPOBCO01,0.58379567828473,1_1
DUMVAJ_DUMVAJ01,7.249399324919523,1_1
DUNNIJ_DUNNIJ01,4.1045491701974015,1_1
DUNWOZ_DUNWOZ01,0.0453161301303453,1_1
DUVZOJ02_DUVZOJ03,0.8887790090919907,1_4
DUYCUW_DUYCUW01,2.6692670847348836,1_1
EBIGUR02_EBIGUR04,37.344665664978265,1_1
EBYBUA_EBYBUA01,12.650013442632485,1_1
ECOGUA_ECOGUA01,0.0,1_1
EFAWIT_EFAWIT01,0.5767698399645838,1_1
EFIKOU_EFIKOU02,3.945890204401053,1_1
EFUPEB_EFUPEB01,2.3024584797744865,1_1
EGLDBZ10_EGLDBZ11,0.6559943024809627,1_1
EGOPIB_EGOPIB01,2.6255916282025282e-05,1_2
EHANOT_EHANOT01,1.7152916596212435,1_1
EHULAV_EHULAV01,0.2648341846567064,1_1
EJEQAL04_EJEQAL08,7.819500395265095,2_1
ELOJOG_ELOJOG01,2.530307246350219,1_1
EMAKUY_EMAKUY01,0.2829501370883918,1_1
EMULAB_EMULAB01,0.5343680153551986,1_1
ENSULF01_ENSULF02,0.0,1_1
ENSULF01_ENSULF03,0.0,1_1
ENSULF02_ENSULF03,0.0,1_1
EPANEQ_EPANEQ02,37.115301985700626,1_1
EPIFAM_EPIFAM01,1.0378864048182095,1_1
EQUZIZ_EQUZIZ01,6.661129795085458,2_1
ERIXAE_ERIXAE01,2.7914316002353416,1_1
ESIVOR_ESIVOR01,2.2348781098913832,1_1
ESIWUY_ESIWUY02,2.679060202429355,1_1
ESTRON11_ESTRON14,0.2854023520339979,1_1
ETEDOX_ETEDOX01,12.007487954792168,1_1
ETEDOX_ETEDOX02,14.634589509508146,1_1
ETEDOX01_ETEDOX02,2.6271015547159777,1_1
ETEXIK_ETEXIK02,0.37287350969734234,2_1
EVAWUU_EVAWUU01,0.05040959999212191,1_1
EVETUV_EVETUV01,2.8625038846051893,2_1
FABRAB10_FABRAB11,2.7009043600579616,1_1
FACSEI_FACSEI01,1.0864213979350552,1_1
FACZIT_FACZIT01,0.0,1_1
FADWUC_FADWUC01,304.6860193800326,1_1
FAFMOQ_FAFMOQ01,3.9128089050218477,1_1
FAHNOR_FAHNOR05,0.23443089501404302,1_1
FARPOF_FARPOF01,5.720990754904051,1_1
FARPOF_FARPOF02,8.213640455117684,1_1
FARPOF01_FARPOF02,2.492649700213633,1_1
FARRUM02_FARRUM03,7.09869562535971,1_1
FAZTAC_FAZTAC01,4.555951384806917,1_2
FBPAZD02_FBPAZD07,3.1039711198283158,1_1
FDMUPD10_FDMUPD11,2.478760804642775,1_1
FECPUB_FECPUB01,0.19738509017622619,1_1
FEFREP_FEFREP01,0.0,1_1
FEFREP_FEFREP02,0.0,1_1
FEFREP_FEFREP03,0.0,1_1
FEFREP01_FEFREP02,0.0,1_1
FEFREP01_FEFREP03,0.0,1_1
FEFREP02_FEFREP03,0.0,1_1
FEGHAA06_FEGHAA07,2.8772907009332016,2_2
FEGHAA06_FEGHAA14,1.420182834655293,2_2
FEGHAA07_FEGHAA14,4.2974735355884945,2_2
FEGWAP_FEGWAP01,2.2529730558588312,1_1
FEHKOS_FEHKOS01,0.7888052201217306,1_1
FEMMAL_FEMMAL01,3.9828309897525287,1_1
FEPROJ_FEPROJ01,5.6043082839318,1_1
FEPROJ_FEPROJ02,2.5134987955078714,1_1
FEPROJ01_FEPROJ02,3.090809488423929,1_1
FEVKAT_FEVKAT01,5.08522592970337,1_1
FEVWUY_FEVWUY01,0.9943818702295175,1_2
FEYBIU_FEYBIU01,2.634085384883406,1_1
FIFFAB_FIFFAB01,0.19580979012050648,1_1
FIJBUW_FIJBUW01,2.5682903540287043,1_1
FINBUB_FINBUB01,0.57540458037397,1_1
FIQMIE_FIQMIE01,2.3268493753188295,1_1
FIQWEI_FIQWEI01,3.358460834636503,1_1
FIRXUA_FIRXUA01,1.3504259250081532,1_1
FISSUV_FISSUV01,0.4263549450369055,1_1
FITYAL_FITYAL01,0.08105181089143798,1_1
FITYAL_FITYAL02,1.0355418333387547,1_2
FITYAL01_FITYAL02,1.1165936442301927,1_2
FITYOZ_FITYOZ01,0.25503319353038023,1_1
FITZAM_FITZAM01,0.7640861378617387,1_1
FIVBEU_FIVBEU01,5.218653839288891,1_2
FIVBEU_FIVBEU02,0.6727056093582178,1_2
FIVBEU01_FIVBEU02,4.545948229930673,2_2
FIVCIZ_FIVCIZ01,2.072805994969258,1_1
FIZRUD_FIZRUD01,0.7730522201615031,1_2
FIZRUD_FIZRUD02,0.029169305156187875,1_1
FIZRUD01_FIZRUD02,0.7438829150053152,2_1
FOBSOE_FOBSOE01,0.23201543429183857,1_1
FOBSOE_FOBSOE03,2.394771059577238,1_1
FOBSOE01_FOBSOE03,2.162755625285399,1_1
FOCWUR_FOCWUR01,3.996982435531663,1_1
FODMAO_FODMAO01,2.334332050583498,1_1
FOFHIU_FOFHIU01,1.9586230004276786,1_1
FOGVIG04_FOGVIG05,9.29340358442721,1_1
FOGWII_FOGWII03,18.953274460036482,1_1
FOLVEK_FOLVEK01,2.8842850332880516,1_1
FOMNEB01_FOMNEB03,1.5081397100547065,1_2
FOMSUY_FOMSUY01,0.08029829200262384,2_1
FOMVIO_FOMVIO02,3.2571165342357062,1_1
FONYUE_FONYUE01,9.778018375609463,1_1
FOVBIC01_FOVBIC02,2.858723164590856,1_1
FOVRUE01_FOVRUE02,2.121511645572241,1_1
FOVRUE01_FOVRUE03,0.1175987706320143,1_1
FOVRUE01_FOVRUE04,0.25628030597499674,1_1
FOVRUE02_FOVRUE03,2.239110416204255,1_1
FOVRUE02_FOVRUE04,2.3777919515472377,1_1
FOVRUE03_FOVRUE04,0.13868153534298244,1_1
FOVYOE_FOVYOE11,0.2279511611868088,1_1
FOXREQ_FOXREQ01,1.0241025305246012,1_1
FOXREQ_FOXREQ02,6.340635010449887,1_1
FOXREQ01_FOXREQ02,5.316532479925286,1_1
FPAMCA17_FPAMCA18,0.0230518891836482,1_1
FPAMCA17_FPAMCA19,0.8478002044623736,1_1
FPAMCA18_FPAMCA19,0.8247483152787254,1_1
FUHHOG_FUHHOG01,0.6915567005821686,1_1
FULPEH_FULPEH01,6.664332904641583,1_1
FUQLIM01_FUQLIM02,1.0655591746826758,1_1
FUQLIM01_FUQLIM07,0.5626709045255893,1_1
FUQLIM02_FUQLIM07,0.5028882701570865,1_1
FUQWAQ_FUQWAQ01,1.1808973901406716,1_1
FURSEM03_FURSEM14,2.3055303157188973,2_1
FURSEM03_FURSEM16,0.3782557850867079,2_1
FURSEM14_FURSEM16,1.9272745306321895,1_1
FUXMOA_FUXMOA01,0.6894300447905835,1_1
FUYJAK_FUYJAK01,18.0822123250299,1_1
FUZMET_FUZMET01,0.11050204396457275,1_1
GADSIO_GADSIO01,0.1826534095113459,2_1
GADSUA_GADSUA01,5.83714287451528,1_2
GAFPEI_GAFPEI01,0.4052196696873125,1_1
GAKWIA_GAKWIA01,6.406377529472024,1_1
GEDSAM_GEDSAM01,2.204763625179339,1_1
GEKGOV_GEKGOV02,3.10136137326532,1_2
GENQIB_GENQIB01,14.05115090052152,1_1
GESNUN_GESNUN01,6.090346095392306,1_1
GEVZEP_GEVZEP01,1.6308030694584659,1_1
GEWBAO_GEWBAO01,0.17543591007643045,1_1
GIGQUI_GIGQUI01,1.3215191694632722,1_1
GIKBOT_GIKBOT01,1.5553462004907033,1_1
GINBIP_GINBIP01,0.1069917505752187,1_2
GINKIZ_GINKIZ01,0.15540334500462905,1_1
GISNOM_GISNOM01,0.07758352475934771,1_1
GIVJUQ_GIVJUQ01,4.136317719729163,1_1
GIVJUQ_GIVJUQ02,2.3489035749049663,1_1
GIVJUQ01_GIVJUQ02,6.48522129463413,1_1
GIXXOB_GIXXOB01,1.031375165025679,1_1
GIYWAP_GIYWAP01,6.3807526500381755,1_1
GIYWAP_GIYWAP02,4.854759540744908,1_1
GIYWAP01_GIYWAP02,1.5259931092932675,1_1
GIZFIF_GIZFIF01,3.4822006507896504,1_1
GNAPHB_GNAPHB01,0.18286607470247418,1_1
GOBVEA_GOBVEA01,3.369172874776609,1_1
GOKCOA01_GOKCOA02,0.38539714537910186,1_1
GUHDIY_GUHDIY01,2.3618997997676843,1_1
HABFAS_HABFAS01,1.845253910636302,1_1
HAFVIV_HAFVIV01,36.15583926511431,1_1
HAJYUN01_HAJYUN02,1.7095680704535425,1_1
HAKTAP_HAKTAP01,0.053717730228527216,1_1
HANFOS_HANFOS01,1.919476795117589,1_2
HAXHET_HAXHET01,2.9680752400759047,1_1
HAXMAW_HAXMAW01,0.0,1_1
HCCYHG04_HCCYHG05,0.0,1_1
HEBJOQ_HEBJOQ01,2.7903813999992053,1_1
HECPAJ_HECPAJ01,3.094388044688344,1_2
HEHWOJ_HEHWOJ01,0.3996010997074677,1_1
HESDIT_HESDIT01,0.18819584005018442,1_2
HESRAZ_HESRAZ01,0.3445417394369201,1_1
HETPAL_HETPAL01,2.7340854291729784,2_1
HEVXUB04_HEVXUB05,1.0655854300019882,1_1
HEWLOL_HEWLOL01,0.07145823326555956,1_1
HIBGUV_HIBGUV01,8.694369505008353,2_1
HIBGUV_HIBGUV02,0.7276310699478472,2_1
HIBGUV01_HIBGUV02,9.4220005749562,1_1
HICJAG_HICJAG01,13.148398980150205,1_1
HIMGOA01_HIMGOA02,1.213926180075191,1_1
HIMWIJ_HIMWIJ01,4.807560926725614,1_1
HIQQAB_HIQQAB02,0.2629438249480245,1_1
HIRQIK_HIRQIK01,5.1204076295548475,1_1
HIRREH_HIRREH01,1.3336752348534446,1_1
HISGAS_HISGAS01,0.218179049956575,1_1
HNIABZ11_HNIABZ20,45.08114775005299,1_1
HOFMAQ_HOFMAQ01,0.39834086020016457,1_1
HOJQEE_HOJQEE02,0.9932791599517259,1_2
HOJROP_HOJROP01,8.406407290383811,1_1
HOKPUS_HOKPUS01,1.2567743394416766,1_1
HOQABS_HOQABS01,14.76785989016264,2_1
HPXCDP_HPXCDP01,13.172186009917027,1_1
HUGMIH_HUGMIH03,9.529147229885666,1_1
HULGIE_HULGIE01,4.169504039788649,1_1
HUMFIG_HUMFIG01,19.863272759589563,1_1
HUMSEN_HUMSEN01,4.408923385775097,1_1
HUTQAP_HUTQAP02,4.961483489570412,1_1
HXACAN40_HXACAN47,4.327062920480955,1_1
IBOBUY_IBOBUY01,8.046343594931159,1_1
IBOCEJ_IBOCEJ01,7.027439557336493,1_1
ICAPOR04_ICAPOR06,0.6353394939229702,1_1
ICIMAI_ICIMAI01,11.83641037518828,1_1
ICUBAL_ICUBAL01,7.664805934927358,1_1
ICUTOR01_ICUTOR02,0.8796212652297299,1_1
IDONAS_IDONAS01,2.6330456868346914,1_1
IDUQOO_IDUQOO02,0.8593996637691816,1_1
IDUTOT_IDUTOT01,9.454583030432104,1_1
IFAPOV_IFAPOV01,3.096173384910685,1_1
IFAWAP01_IFAWAP02,0.0,1_1
IFILAL_IFILAL01,1.2631543050255232,1_1
IFILAL_IFILAL02,8.997483479586322,1_1
IFILAL01_IFILAL02,10.260637784611845,1_1
IFOVOO01_IFOVOO03,0.8486928739765744,1_1
IFULUQ_IFULUQ01,0.00010502068028017675,1_2
IGAPIR_IGAPIR01,0.7403384904769155,1_1
IGASIS_IGASIS01,3.1659329194330894,1_1
IGEBEC_IGEBEC02,6.259861502301646,1_1
IGUQEG_IGUQEG01,0.10360223159500492,1_1
IHAPOX_IHAPOX01,26.1128029205978,1_1
IHAPOX_IHAPOX02,10.738006194224454,1_1
IHAPOX01_IHAPOX02,36.850809114822255,1_1
IHOZOW01_IHOZOW02,33.315757149789874,1_1
IJAQIV01_IJAQIV02,7.914359711192674,1_1
IJATUK_IJATUK01,1.4127815514177655,1_2
IJUDUN_IJUDUN01,3.147580675097288,1_1
ILAHEK_ILAHEK01,4.030431305202455,2_2
ILIVUW_ILIVUW01,19.982496714548233,1_1
ILUVAO_ILUVAO01,2.960802605574827,1_1
IMIPAV_IMIPAV01,2.578871120557096,1_1
INEQUN_INEQUN01,3.868989310183224,1_1
INOCET_INOCET02,10.357151165359141,1_2
INOHIC_INOHIC01,6.121773329951793,1_1
INOSIN10_INOSIN11,7.770306401453809,1_1
IPAMUH_IPAMUH01,8.897898264984008,1_1
IPEZAG_IPEZAG01,0.6612321751065338,1_1
IPUPUE_IPUPUE01,1.2529936200243128,2_1
IQIHIB_IQIHIB01,5.158372359226178,1_1
IQILAW_IQILAW02,3.433870445701018,1_1
IQILAW_IQILAW03,4.941983900734897,1_1
IQILAW02_IQILAW03,1.5081134550338788,1_1
IQUFUX_IQUFUX01,9.480733009685537,1_1
IRABIN_IRABIN01,0.37685639346159405,1_1
ISOIND_ISOIND01,0.0,1_1
ISOIND_ISOIND02,0.0,1_1
ISOIND01_ISOIND02,0.0,1_1
ISUNAL_ISUNAL01,1.6732941616162407,2_2
IVATAC_IVATAC01,0.3403698195824063,1_1
IVOHIL02_IVOHIL03,2.106514789674577,1_1
IVOHIL02_IVOHIL04,0.5847749895766015,1_1
IVOHIL03_IVOHIL04,1.5217398000979756,1_1
IVUQOF_IVUQOF01,2.2257676245293396,1_2
IVUQOF_IVUQOF02,2.844020364866765,1_1
IVUQOF_IVUQOF03,2.41451481971842,1_1
IVUQOF_IVUQOF04,2.863186515146708,1_2
IVUQOF01_IVUQOF02,0.6182527403374252,2_1
IVUQOF01_IVUQOF03,0.18874719518908023,2_1
IVUQOF01_IVUQOF04,0.6374188906173686,2_2
IVUQOF02_IVUQOF03,0.42950554514834494,1_1
IVUQOF02_IVUQOF04,0.019166150279943395,1_2
IVUQOF03_IVUQOF04,0.44867169542828833,1_2
IWUKAM_IWUKAM01,1.1869622948776168,1_1
IWUKAM_IWUKAM02,0.3494015395834822,1_1
IWUKAM01_IWUKAM02,0.8375607552941347,1_1
IYEBUJ01_IYEBUJ03,7.683552004874059,1_1
IZANEC_IZANEC01,0.19672871555098936,1_1
IZOCOR_IZOCOR01,7.286313854951686,1_1
JAGNOX_JAGNOX01,5.1819230947010055,1_1
JAGNUD_JAGNUD01,5.493071100279508,1_1
JAKGEH_JAKGEH01,5.341254187657512,1_1
JARXUV_JARXUV01,6.183183775014641,1_1
JAVCEO02_JAVCEO04,0.07672236091195828,1_1
JAYCES_JAYCES02,0.2711878949212405,1_1
JAZCOD_JAZCOD01,0.6617310196068047,1_1
JEGLAI_JEGLAI01,1.7560394197093956,1_1
JESBER_JESBER01,13.741026840456811,1_1
JEVSEL_JEVSEL01,0.05293007960369778,2_1
JIGKEP_JIGKEP01,0.05369147431224519,1_1
JOGVEJ_JOGVEJ01,0.31067541460663506,1_2
JOKWEM_JOKWEM04,1.460985729660365,1_1
JONCUN_JONCUN01,5.514022589587853,1_1
JONWAN_JONWAN01,1.6578115885794773,2_1
JOTFIJ_JOTFIJ01,2.062934114898667,1_1
JOWCAB_JOWCAB01,6.638760535249389,1_2
JOWNAM_JOWNAM01,0.6378127150343289,1_1
JOYMIV_JOYMIV01,0.0024679701668901544,2_1
JUBFUH01_JUBFUH02,4.446756840043804,1_1
JUDRAB_JUDRAB01,0.8320734592244889,1_1
JUDRIJ_JUDRIJ01,2.9399298804335103,1_1
JUZBUB02_JUZBUB04,9.631200414953355,1_1
KADNEI_KADNEI01,3.156061039959468,1_1
KADTEO_KADTEO01,4.828688325061535,1_1
KAKJOW_KAKJOW01,4.349508320504242,1_1
KAKQOF01_KAKQOF02,0.28045590981128043,1_1
KAKSOG_KAKSOG02,0.036468194379608576,1_1
KANYUU01_KANYUU02,4.286260024580429,1_1
KANYUU01_KANYUU03,2.1640421192165604,1_1
KANYUU02_KANYUU03,2.1222179053638683,1_1
KASSOM_KASSOM01,4.123977870685621,2_1
KAXHAS_KAXHAS11,5.548185596063945,1_1
KAXXAI_KAXXAI01,1.3560970047311685,1_1
KAXXAI_KAXXAI02,0.5406954697034507,1_2
KAXXAI_KAXXAI03,1.1706054297368382,1_2
KAXXAI_KAXXAI05,0.4076088744932349,1_1
KAXXAI01_KAXXAI02,0.8154015350277177,1_2
KAXXAI01_KAXXAI03,0.18549157499433022,1_2
KAXXAI01_KAXXAI05,0.9484881302379335,1_1
KAXXAI02_KAXXAI03,0.6299099600333875,2_2
KAXXAI02_KAXXAI05,0.13308659521021582,2_1
KAXXAI03_KAXXAI05,0.7629965552436033,2_1
KAYSAE_KAYSAE02,1.1731521652646961,1_1
KAZDUL_KAZDUL01,0.27769913471377095,1_1
KEDDAY_KEDDAY01,2.350281962453721,1_1
KEDDAY_KEDDAY02,0.754983528916398,1_1
KEDDAY01_KEDDAY02,1.595298433537323,1_1
KELFOX_KELFOX01,7.467053275056514,1_1
KELFOX_KELFOX03,7.622456619464174,1_1
KELFOX_KELFOX04,8.479288545121562,1_1
KELFOX01_KELFOX03,0.15540334440765946,1_1
KELFOX01_KELFOX04,15.946341820178077,1_1
KELFOX03_KELFOX04,16.101745164585736,1_1
KELGEO_KELGEO01,11.883275548861093,1_1
KELGEO_KELGEO02,14.303986551703929,1_1
KELGEO_KELGEO03,10.89398715207517,1_1
KELGEO01_KELGEO02,2.420711002842836,1_1
KELGEO01_KELGEO03,0.9892883967859234,1_1
KELGEO02_KELGEO03,3.4099993996287594,1_1
KELNIA_KELNIA01,1.0497274096599654,1_2
KELNIA_KELNIA06,3.2505265299776624,1_2
KELNIA_KELNIA07,3.9072953548268288,1_1
KELNIA01_KELNIA06,2.200799120317697,2_2
KELNIA01_KELNIA07,2.8575679451668634,2_1
KELNIA06_KELNIA07,0.6567688248491663,2_1
KEMBUA_KEMBUA01,3.7935586953408347,1_1
KEMHAL01_KEMHAL02,14.551860004845366,1_1
KETWOX03_KETWOX04,0.9137527648450714,1_1
KEWQAG_KEWQAG01,2.4225751054412967,1_1
KEXYOC_KEXYOC01,4.583807940115662,1_1
KEXYOC_KEXYOC02,5.531035830547808,1_1
KEXYOC01_KEXYOC02,10.11484377066347,1_1
KIDDAE_KIDDAE02,1.1652756631951888,1_1
KIGQOI_KIGQOI01,5.912704764760292,1_1
KIGTOL_KIGTOL01,8.947073880788139,1_1
KIJQEA_KIJQEA02,4.5185117549551705,1_1
KINQIJ_KINQIJ01,67.35121636040128,1_1
KISQUZ_KISQUZ01,35.33232493432206,1_1
KIZMAI_KIZMAI01,0.978392575380326,1_1
KIZXEZ_KIZXEZ01,9.671318055735583,1_1
KOKJOL_KOKJOL01,0.4924387802252568,1_1
KOLRIN_KOLRIN01,4.09299696998778,1_1
KOSMOW_KOSMOW01,2.7591852090857287,2_1
KUCYOY01_KUCYOY02,1.4966400198867404,2_1
KUQLEO_KUQLEO01,11.400288570164093,1_1
KUTLIW_KUTLIW01,2.4452331690140454,1_1
KUTLIW_KUTLIW02,2.7930331544164346,1_1
KUTLIW01_KUTLIW02,0.3477999854023892,1_1
KUVWON_KUVWON01,0.14327353493376904,1_1
KUVWON_KUVWON02,1.8219919794951238,1_1
KUVWON01_KUVWON02,1.6787184445613548,1_1
KUVZAE_KUVZAE01,0.28602984676314236,2_1
KUXJUI_KUXJUI01,2.5953146262816063,2_1
LAJZON_LAJZON01,0.019746385314931558,2_2
LAKKEO_LAKKEO02,24.338595040205973,2_2
LAQNUO_LAQNUO01,2.043846729979691,1_1
LAWYOY_LAWYOY01,0.8759193099793947,1_1
LAWYOY_LAWYOY02,1.0796134764967178,1_1
LAWYOY01_LAWYOY02,0.20369416651732308,1_1
LEBPAK_LEBPAK01,0.8579083800188982,1_2
LEFTEY_LEFTEY01,9.79681695500085,1_1
LEPPUS_LEPPUS01,0.012969970140375153,1_1
LEQPIH_LEQPIH01,0.27022696193500906,2_2
LESQAC_LESQAC01,0.0,1_1
LIKGUI_LIKGUI01,0.0,1_1
LIPBIW_LIPBIW01,1.7125086298013912,1_1
LIRRAG_LIRRAG01,5.570759644525197,1_1
LISDOH_LISDOH01,1.879359154932331,1_1
LITHON_LITHON01,1.0922079996303182,1_1
LIVQOY_LIVQOY05,1.1832892204188283,1_1
LIVQOY_LIVQOY06,0.30345003890425915,1_1
LIVQOY05_LIVQOY06,1.4867392593230875,1_1
LIYTIW_LIYTIW01,0.4982043778441607,1_1
LIYTIW_LIYTIW02,1.291483450112196,1_2
LIYTIW01_LIYTIW02,0.7932790722680352,1_2
LOHQAB_LOHQAB01,5.673285420564753,1_1
LOJKIF_LOJKIF01,0.7727634152308838,1_1
LOQLAE_LOQLAE01,1.066136785140884,1_1
LORVAP_LORVAP01,1.1732571847510371,1_1
LOTCOO_LOTCOO01,50.09152067596915,1_1
LOTZEZ_LOTZEZ01,6.046789050164989,1_1
LUFCIY_LUFCIY01,4.329633284960437,1_1
LUKXAQ_LUKXAQ01,0.3134584444264874,1_2
LUNPOZ_LUNPOZ01,3.4522962050502883,2_1
LURSIB_LURSIB01,0.09173496994151265,1_1
MABZNA_MABZNA02,0.7513288330617343,2_1
MABZNA_MABZNA04,0.7119857155431646,2_2
MABZNA02_MABZNA04,0.03934311751856967,1_2
MAFPOA_MAFPOA01,1.2549601196217282,1_1
MALSOJ_MALSOJ01,5.961722849544003,1_2
MANSTB_MANSTB01,18.868864634637703,1_1
MAVGEW_MAVGEW01,0.5741312123115563,1_1
MBYINO_MBYINO01,2.0624562735793006,1_1
MBYINO_MBYINO02,3.212651066660783,1_1
MBYINO01_MBYINO02,1.1501947930814822,1_1
MBZSAN12_MBZSAN13,1.5241552602232105,1_1
MCHTEP05_MCHTEP22,9.11481707543328,1_1
MCHTEP05_MCHTEP24,3.1287820951089316,1_1
MCHTEP22_MCHTEP24,5.986034980324348,1_1
MEGHAJ_MEGHAJ01,0.01420395522382023,1_1
MEGYON01_MEGYON02,1.3904385451101007,1_1
MELFIT_MELFIT01,9.282245209828488,2_1
MELFIT_MELFIT04,2.2052099602349244,2_1
MELFIT_MELFIT05,0.6410683346321093,2_1
MELFIT_MELFIT06,0.2369251205002456,2_1
MELFIT_MELFIT07,0.1029721099012022,2_1
MELFIT_MELFIT09,8.975534299486526,2_1
MELFIT_MELFIT15,5.307920839660483,2_1
MELFIT01_MELFIT04,11.487455170063413,1_1
MELFIT01_MELFIT05,8.64117687519638,1_1
MELFIT01_MELFIT06,9.519170330328734,1_1
MELFIT01_MELFIT07,9.179273099927286,1_1
MELFIT01_MELFIT09,0.3067109103419625,1_1
MELFIT01_MELFIT15,3.9743243701680058,1_1
MELFIT04_MELFIT05,2.8462782948670338,1_1
MELFIT04_MELFIT06,1.9682848397346788,1_1
MELFIT04_MELFIT07,2.3081820701361266,1_1
MELFIT04_MELFIT09,11.18074425972145,1_1
MELFIT04_MELFIT15,7.513130799895407,1_1
MELFIT05_MELFIT06,0.8779934551323549,1_1
MELFIT05_MELFIT07,0.5380962247309071,1_1
MELFIT05_MELFIT09,8.334465964854417,1_1
MELFIT05_MELFIT15,4.666852505028373,1_1
MELFIT06_MELFIT07,0.3398972304014478,1_1
MELFIT06_MELFIT09,9.212459419986772,1_1
MELFIT06_MELFIT15,5.544845960160728,1_1
MELFIT07_MELFIT09,8.872562189585324,1_1
MELFIT07_MELFIT15,5.2049487297592805,1_1
MELFIT09_MELFIT15,3.6676134598260433,1_1
MELVEE_MELVEE01,0.9923864898405554,1_1
MEPHCB_MEPHCB01,0.3201797249826086,1_1
MEPVAE_MEPVAE01,1.5539546846853227,1_1
MHQACD_MHQACD02,4.509480034954095,1_1
MIFSUS_MIFSUS01,11.707025735228399,1_1
MIJHAO_MIJHAO01,4.263628215730023,1_1
MILHOF_MILHOF01,516651.6231468196,1_1
MILHOF_MILHOF02,8.315851169713369,1_1
MILHOF01_MILHOF02,516643.3072956499,1_1
MIPBET_MIPBET01,13.468920020105088,1_1
MIPYEP02_MIPYEP04,3.101503150258395,1_1
MIPYEP02_MIPYEP05,5.582889454596057,1_1
MIPYEP04_MIPYEP05,2.4813863043376614,1_1
MIQKOM_MIQKOM01,7.899840694524983,1_1
MISFOL_MISFOL01,0.04019640494925625,1_1
MIWBAX_MIWBAX01,0.0,1_1
MNBZAC01_MNBZAC04,17.89913095891785,2_1
MOBNIC_MOBNIC01,6.711513139758267,1_1
MODDOA01_MODDOA02,1.2613689654001519,1_1
MODFAO_MODFAO03,2.194786724428468,1_1
MODSAZ_MODSAZ01,1.5803173304730649,1_1
MOHDAP_MOHDAP01,5.353578285360072,1_1
MOHDET_MOHDET01,0.1899680523143843,2_1
MONRAI04_MONRAI06,2.9438418746565276,1_1
MONTIS_MONTIS01,1.272973675054459,1_1
MOPNAH01_MOPNAH03,1.5030724955122423,1_1
MOSDOO_MOSDOO01,1.6552202197251518,1_1
MOVXOL_MOVXOL01,0.4120459697297747,1_1
MOVYEC01_MOVYEC02,0.4158004350217652,1_1
MUDHIC01_MUDHIC03,1.2547527049273413,1_1
MUDWEO_MUDWEO02,7.472803120140497,1_1
MUDWEO_MUDWEO03,3.563381110119053,1_1
MUDWEO02_MUDWEO03,3.9094220100214443,1_1
MUJTOB_MUJTOB01,0.45728333449915226,1_1
MUKNIQ02_MUKNIQ06,8.951484720108397,1_1
MUNTOG_MUNTOG02,2.678430079541613,1_1
MUQKAK_MUQKAK01,3.3032465703101934,1_1
MUYROO_MUYROO01,0.1762078069723998,1_1
NAGHOT_NAGHOT02,0.08112794988471705,1_1
NAGHOT_NAGHOT03,0.013967660334856191,1_1
NAGHOT02_NAGHOT03,0.06716028954986086,1_1
NAGPIW_NAGPIW01,0.18675181480011815,2_1
NAHZOM_NAHZOM01,10.874269644865421,1_1
NAJBEF_NAJBEF01,0.5957784598210765,1_1
NAKYEG_NAKYEG01,0.5942031609592959,1_1
NALYUX_NALYUX01,2.356622545058599,1_1
NATQEF_NATQEF01,2.4717428439332707,1_1
NATSAF_NATSAF01,0.45976443232569864,1_1
NAVSUY02_NAVSUY04,4.572990879295276,1_1
NAZLAC01_NAZLAC02,0.9313961245139808,1_1
NBZANO11_NBZANO12,0.02730519987136404,1_1
NEMLOG_NEMLOG02,0.22238772642236881,2_1
NENFIX_NENFIX01,1.65159440436355,1_1
NEPYEO_NEPYEO01,0.06243438997967132,1_2
NILLEB_NILLEB01,1.9520592499965232,1_1
NIZVAU01_NIZVAU02,7.876416702856659e-06,1_1
NOETNA_NOETNA01,4.496562574258405,1_1
NOHHAV_NOHHAV01,6.211066585045728,1_1
NOJHEZ_NOJHEZ01,0.12843945980705485,1_1
NOJHEZ_NOJHEZ02,1.1237139995507732,1_1
NOJHEZ01_NOJHEZ02,0.9952745397437184,1_1
NOQFII_NOQFII01,2.5156228252302526,1_1
NOSYOJ_NOSYOJ01,0.6097224906073393,1_1
NOSYOJ_NOSYOJ02,1.1205450214321786,1_1
NOSYOJ_NOSYOJ03,0.4733356418759058,1_1
NOSYOJ01_NOSYOJ02,1.730267512039518,1_1
NOSYOJ01_NOSYOJ03,0.13638684873143347,1_1
NOSYOJ02_NOSYOJ03,1.5938806633080844,1_1
NUHZEX_NUHZEX01,0.661678510162119,1_1
NUJKEJ_NUJKEJ03,0.029964831600750585,1_1
NUJLIN_NUJLIN01,0.36974916490521537,1_1
NUKMAH_NUKMAH02,0.9596701343852487,1_1
NULTIY_NULTIY01,1.2366367542865646,1_1
NUPJOX01_NUPJOX02,1.7775606436562157,1_1
NUQXAA_NUQXAA02,0.5208624432078182,1_1
NUQXAA_NUQXAA03,0.792937756698791,1_1
NUQXAA02_NUQXAA03,1.3138001999066091,1_1
NURCEJ_NURCEJ01,0.7550596688051314,1_1
NUWTIJ_NUWTIJ01,1.4267754652810254,1_1
OBUZUI_OBUZUI01,0.8586435206020724,1_1
OCAZID_OCAZID01,3.9896047797533356,1_1
OCHTET_OCHTET13,47.597453205227794,1_1
ODAHAF_ODAHAF01,0.0,1_1
ODASAO_ODASAO01,1.0185364690939878,1_1
ODAVUN_ODAVUN01,15.998247957849799,1_1
ODEROH01_ODEROH06,3.013233840081284,1_1
ODIGOZ_ODIGOZ01,3.2656756650558236,1_1
OFIMEW_OFIMEW01,3.3916471546959883,1_1
OFOGAR_OFOGAR01,18.223569244935675,1_1
OFOJOI_OFOJOI01,4.637499415024877,1_1
OGEPUM_OGEPUM01,0.1710250698607183,1_1
OHADAD_OHADAD01,4.137630470173576,1_1
OHENOE_OHENOE01,3.525421630795222,1_3
OHOZOB_OHOZOB01,0.08485615985739514,1_1
OHUZUO_OHUZUO01,2.28152274285182,2_1
OHUZUO_OHUZUO02,3.6400404589511766,2_3
OHUZUO01_OHUZUO02,1.3585177160993567,1_3
OLATUR_OLATUR01,3.934705575079988,1_1
OMEFAN_OMEFAN01,1.697910849563641,1_1
OMIYEO_OMIYEO02,0.26711049326110015,1_1
ONITAN01_ONITAN03,0.21421454494569048,1_2
OQENOP_OQENOP01,3.4197400042967274,1_1
OQUPUM_OQUPUM01,1.0306400250394745,1_1
OROGEJ_OROGEJ01,10.069002540116571,1_1
OTAMAY_OTAMAY01,1.5945974258841034,1_1
OVEPUC_OVEPUC01,1.281086469625052,1_1
OWOHAL_OWOHAL01,3.7757052949083345,1_2
OZODUE_OZODUE01,1.4147900579739598,2_1
PACFOO_PACFOO01,1.055109685049331,2_1
PAHDEI_PAHDEI01,1.2821629251805007,1_1
PAMTAY_PAMTAY01,1.6940776207015915,3_2
PAMVIK_PAMVIK01,0.28182117029734854,1_1
PAMVIK_PAMVIK03,0.16774319524211023,1_1
PAMVIK_PAMVIK04,8.899578584824553,1_2
PAMVIK01_PAMVIK03,0.11407797505523831,1_1
PAMVIK01_PAMVIK04,8.617757414527205,1_2
PAMVIK03_PAMVIK04,8.731835389582443,1_2
PAQMIE_PAQMIE01,2.0857418336721025,1_1
PAWHEC_PAWHEC01,0.9384849741677499,1_1
PAZTUI_PAZTUI01,0.8740289502707128,1_1
PBBTAZ_PBBTAZ02,5.873401029922206,1_1
PCHSAN_PCHSAN01,6.670791634989428,1_1
PDABZA02_PDABZA03,0.9313751210345913,2_1
PEDTUP01_PEDTUP02,5.86633843499078,1_1
PEFGIR01_PEFGIR02,1.0105995832524854,1_1
PEFGIR01_PEFGIR03,0.21520173310199198,1_1
PEFGIR02_PEFGIR03,1.2258013163544774,1_1
PEFKAO_PEFKAO01,1.2681165000816463,1_1
PEFKOC_PEFKOC01,3.9347318303993006,1_1
PEFKUI_PEFKUI01,1.6151813449008614,1_1
PEJCAJ_PEJCAJ01,1.1959913894064584,2_1
PEJHOD_PEJHOD01,0.1577137850465533,1_1
PEJJOF_PEJJOF01,0.3061595552030667,1_1
PEJJOF_PEJJOF02,2.0393046152568104,1_1
PEJJOF01_PEJJOF02,1.7331450600537437,1_1
PHBARB06_PHBARB12,12.801796222921496,3_1
PHBARB06_PHBARB14,11.201441076432161,3_2
PHBARB12_PHBARB14,1.6003551464893349,1_2
PHENOL03_PHENOL11,0.29176918951046105,1_3
PHPENA_PHPENA02,0.6177171380319351,1_1
PIPINE12_PIPINE13,1.7154780705377561,2_2
POFHUN_POFHUN01,0.5636554673588989,2_1
POFLAX_POFLAX01,0.2693552959001977,1_1
POFPAC_POFPAC01,1.4964824903587441,1_1
POFRAE_POFRAE01,0.5181844328743068,1_1
POHJON_POHJON01,1.8212043300642335,1_2
POPFAC_POPFAC01,0.602263444891264,1_1
POPJUA_POPJUA01,7.167509980326258,1_1
POWWUW_POWWUW01,40.047329109939255,1_2
POXHYN10_POXHYN11,0.15634327421298622,1_1
PUBMUU01_PUBMUU07,2.6183323843262087,1_1
PUBMUU01_PUBMUU25,0.6645403053429391,1_1
PUBMUU07_PUBMUU25,3.282872689669148,1_1
PUFSIT_PUFSIT01,1.4541594302148724,1_1
PUGVUK_PUGVUK01,1.3778098899420002,1_1
PUGWUK_PUGWUK01,1.9593318850945707,1_1
PUKPUH_PUKPUH01,0.8039018448597517,1_1
PULNUF_PULNUF01,2.845753194450481,1_1
PUQYOQ_PUQYOQ01,0.71355839012665,1_1
PUQYOQ_PUQYOQ02,0.18827460541115215,1_2
PUQYOQ_PUQYOQ03,0.20056194441303887,1_1
PUQYOQ01_PUQYOQ02,0.5252837847154979,1_2
PUQYOQ01_PUQYOQ03,0.9141203345396889,1_1
PUQYOQ02_PUQYOQ03,0.388836549824191,2_1
PURSEB_PURSEB01,8.298181555322117,1_1
PURSEB_PURSEB02,2.766436840107417,1_1
PURSEB01_PURSEB02,5.5317447152147,1_1
QAHWUU_QAHWUU03,3.180417803469311,1_1
QAKZUY_QAKZUY01,31.937290886416577,1_1
QARZOB_QARZOB01,0.46502855997209736,1_1
QAXMEH02_QAXMEH04,4.074959785304941,1_1
QAXMEH02_QAXMEH05,0.9686782254347008,1_1
QAXMEH02_QAXMEH12,0.06634638479965815,1_1
QAXMEH02_QAXMEH19,0.4634270051940348,1_1
QAXMEH02_QAXMEH31,2.9975858602043672,1_1
QAXMEH02_QAXMEH32,0.026386274739365945,1_1
QAXMEH02_QAXMEH34,1.2036342202683272,1_1
QAXMEH02_QAXMEH52,5.886292235298583,1_1
QAXMEH02_QAXMEH53,2.3434687906678846,1_1
QAXMEH04_QAXMEH05,3.10628155987024,1_1
QAXMEH04_QAXMEH12,4.141306170104599,1_1
QAXMEH04_QAXMEH19,3.611532780110906,1_1
QAXMEH04_QAXMEH31,1.0773739251005736,1_1
QAXMEH04_QAXMEH32,4.101346060044307,1_1
QAXMEH04_QAXMEH34,2.8713255650366136,1_1
QAXMEH04_QAXMEH52,1.8113324499936425,1_1
QAXMEH04_QAXMEH53,1.7314909946370562,1_1
QAXMEH05_QAXMEH12,1.035024610234359,1_1
QAXMEH05_QAXMEH19,0.505251220240666,1_1
QAXMEH05_QAXMEH31,2.0289076347696664,1_1
QAXMEH05_QAXMEH32,0.9950645001740668,1_1
QAXMEH05_QAXMEH34,0.2349559948336264,1_1
QAXMEH05_QAXMEH52,4.9176140098638825,1_1
QAXMEH05_QAXMEH53,1.3747905652331838,1_1
QAXMEH12_QAXMEH19,0.529773389993693,1_1
QAXMEH12_QAXMEH31,3.0639322450040254,1_1
QAXMEH12_QAXMEH32,0.03996011006029221,1_1
QAXMEH12_QAXMEH34,1.2699806050679854,1_1
QAXMEH12_QAXMEH52,5.9526386200982415,1_1
QAXMEH12_QAXMEH53,2.4098151754675428,1_1
QAXMEH19_QAXMEH31,2.5341588550103324,1_1
QAXMEH19_QAXMEH32,0.48981327993340074,1_1
QAXMEH19_QAXMEH34,0.7402072150742924,1_1
QAXMEH19_QAXMEH52,5.422865230104549,1_1
QAXMEH19_QAXMEH53,1.8800417854738498,1_1
QAXMEH31_QAXMEH32,3.023972134943733,1_1
QAXMEH31_QAXMEH34,1.79395163993604,1_1
QAXMEH31_QAXMEH52,2.888706375094216,1_1
QAXMEH31_QAXMEH53,0.6541170695364826,1_1
QAXMEH32_QAXMEH34,1.2300204950076932,1_1
QAXMEH32_QAXMEH52,5.912678510037949,1_1
QAXMEH32_QAXMEH53,2.3698550654072505,1_1
QAXMEH34_QAXMEH52,4.682658015030256,1_1
QAXMEH34_QAXMEH53,1.1398345703995574,1_1
QAXMEH52_QAXMEH53,3.5428234446306988,1_1
QAYVIY_QAYVIY01,2.5877243060583623,1_1
QEDTIC_QEDTIC01,1.6104423176710156,1_1
QEGBUB_QEGBUB01,0.3399497398461335,1_1
QELQOO_QELQOO02,2.8106003756890345,1_1
QERNAF_QERNAF01,6.134454494564579,1_1
QESZUK_QESZUK01,1.1361588704685346,1_1
QEZGIO_QEZGIO01,1.4882121638722765,1_1
QIBMUM_QIBMUM01,7.891701644635077,1_1
QIBMUM_QIBMUM04,2.936542985433107,1_1
QIBMUM01_QIBMUM04,10.828244630068184,1_1
QICMEX_QICMEX01,10.15083937466818,1_1
QIFJAS_QIFJAS01,3.476844629525658,1_1
QIFJAS_QIFJAS02,5.313723194189151,1_1
QIFJAS01_QIFJAS02,1.8368785646634933,1_1
QILKUT01_QILKUT02,1.690323155409601,1_1
QINCUL_QINCUL01,2.661416839178628,1_1
QNACRD04_QNACRD06,0.0,1_1
QNACRD04_QNACRD07,0.0,1_1
QNACRD06_QNACRD07,0.0,1_1
QOGNEF_QOGNEF01,0.6369988096871566,2_1
QOHBEV_QOHBEV01,4.362612190325535,1_1
QOVREZ_QOVREZ01,2.654406755482796,1_2
QQQDVM02_QQQDVM03,5.161969294990172,1_1
QUBPAF_QUBPAF02,13.225273619048721,1_1
QUNDIO_QUNDIO01,1.289472316889828,1_1
QUZREJ_QUZREJ02,1.008165745717065,1_1
RADTEW01_RADTEW02,0.24816225986296558,1_1
RAMGOB01_RAMGOB02,1.0848723529001632,1_1
RAPFEW_RAPFEW01,1.7286291994562362,1_1
RASXIS_RASXIS01,3.6609971999502022,1_1
RECQOH_RECQOH01,2.638995071091813,1_1
REFGIS_REFGIS01,1.0738321254474386,1_1
RELBUI_RELBUI01,1.9925969699180541,1_1
RENNOQ_RENNOQ01,5.5590499153845485,1_1
RENPAE_RENPAE01,2.7315176892702766,1_1
REPWUG_REPWUG01,4.429481050069512,1_1
REWDOM_REWDOM01,3.827480154789555,1_1
REYTEU_REYTEU01,1.665170864559741,1_1
RIHVUZ_RIHVUZ01,1.231333245452106,1_1
RIJJEC_RIJJEC01,2.653277789885692,1_1
RIJZOC_RIJZOC01,0.6117414999479251,1_1
RIPDOM_RIPDOM01,0.2979154852298507,1_1
ROKCEZ_ROKCEZ01,0.715186200224025,1_1
RUCJUV_RUCJUV04,2.570495775181257,1_1
RUFHIK_RUFHIK02,4.96818113998097,1_1
RUPJOD_RUPJOD01,1.256931870163612,1_1
RUQJEU_RUQJEU01,1.696414314868889,1_1
RUXWAI_RUXWAI01,2.4476486303332194,1_1
SAGXOP_SAGXOP01,5.300411910270441,1_1
SAGXOP_SAGXOP03,0.4503257596510366,1_1
SAGXOP01_SAGXOP03,4.850086150619404,1_1
SAMPYM_SAMPYM01,2.366704465295811,1_1
SAPDAQ_SAPDAQ02,24.766315245728947,1_1
SAPJAV_SAPJAV01,3.5384651153520963,1_1
SAPNII_SAPNII01,6.04256199509507,1_1
SAWKIL_SAWKIL01,0.14167198015570648,1_1
SEBTAU_SEBTAU01,0.8900707551615596,1_1
SELJOI_SELJOI01,0.8214664403616325,1_1
SEPBAS_SEPBAS01,0.4522948853176558,1_1
SERSOZ_SERSOZ01,0.0,1_1
SESYAR_SESYAR01,0.07522320014800243,1_1
SEVGUV_SEVGUV01,5.90097665641855,1_1
SEWYIF_SEWYIF01,0.6337957001310315,1_1
SEYYIG_SEYYIG03,0.11646718045813031,1_1
SIBTAZ_SIBTAZ01,0.0,1_1
SIFLOI_SIFLOI01,2.3205219197766382,1_1
SIHNII_SIHNII01,0.5702848545959114,1_1
SILTOW_SILTOW11,1.0236824501913588,1_1
SILTOW_SILTOW12,3.516122109641401,1_1
SILTOW11_SILTOW12,2.492439659450042,1_1
SILTUC_SILTUC01,2.470411714884733,1_1
SILXUG01_SILXUG02,7.982937770076319,1_1
SIMLIK_SIMLIK01,5.373558339793249,1_1
SIMXUI_SIMXUI01,1.5422633335518299,1_1
SIRDUT_SIRDUT01,3.7317019146254324,1_1
SIRMIQ_SIRMIQ01,0.02832914448970314,1_1
SISSOE_SISSOE01,2.4441567152495054,1_1
SIWDEH_SIWDEH01,4.165040690426736,1_1
SLFNMA01_SLFNMA04,3.6231112350428702,1_1
SLFNMB01_SLFNMB05,2.1764082253703236,1_1
SLFNMB01_SLFNMB08,1.5880861854946033,1_1
SLFNMB05_SLFNMB08,0.5883220398757203,1_1
SOBPEE_SOBPEE01,0.8033058563943882,1_1
SOBPEE_SOBPEE02,0.4011475195686103,1_1
SOBPEE01_SOBPEE02,0.40215833682577795,1_1
SOHXAO_SOHXAO01,1.2590664014764457,1_1
SOJHIL_SOJHIL01,0.3083649751616804,1_1
SOLPUF_SOLPUF01,0.3845044746709618,1_1
SOPPEU_SOPPEU01,0.5572361202885077,1_1
SOXQUS_SOXQUS01,4.4432202913351375,1_1
SOYSAB_SOYSAB01,6.386415853642973,1_1
STARAC05_STARAC08,2.5472023386717524,1_1
SUBTIS02_SUBTIS03,1.144875529622709,1_1
SUCQOW_SUCQOW01,3.2450261074422997,1_1
SUDXAS_SUDXAS01,18.529439997596,1_1
SUPBEK_SUPBEK03,4.071730419832534,1_1
SUTHAZ07_SUTHAZ30,4.89332813440285,1_1
SUTHAZ07_SUTHAZ37,4.929507524448809,1_1
SUTHAZ30_SUTHAZ37,0.036179390045958826,1_1
SUWMIG02_SUWMIG03,22.532119764588174,1_1
SUYNAB_SUYNAB02,1.4412734760814487,1_1
TACRIB04_TACRIB05,0.7347199201985859,1_1
TADLIU01_TADLIU02,5.313933234952742,1_1
TADLIU01_TADLIU03,3.391699665334613,1_1
TADLIU01_TADLIU04,0.042585609755178666,1_1
TADLIU02_TADLIU03,1.922233569618129,1_1
TADLIU02_TADLIU04,5.2713476251975635,1_1
TADLIU03_TADLIU04,3.3491140555794345,1_1
TADTAU_TADTAU01,1.9621411696367659,1_1
TADXAA_TADXAA02,19.516890544714897,1_1
TAFKET_TAFKET01,10.814014420122021,1_1
TAPBIY_TAPBIY01,0.5254150601181209,1_1
TAPDIA_TAPDIA01,1.6693060272060052,1_1
TAPSAF_TAPSAF01,1.8100302020351364,1_1
TAQDIZ_TAQDIZ01,2.284815120105577,1_1
TARJIG_TARJIG02,0.4746903992790976,1_1
TAXTEU_TAXTEU02,6.017882294620108,1_1
TAYNEP_TAYNEP01,0.8903858142175523,1_1
TDBOCP_TDBOCP01,2.901203755456663,1_1
TEGVAF_TEGVAF01,1.4100772845710026,1_1
TEGVAF_TEGVAF02,2.5521435296515165,1_1
TEGVAF01_TEGVAF02,1.142066245080514,1_1
TEHNID_TEHNID02,0.42680127949552116,1_1
TEHTUX_TEHTUX01,3.8016189798697724,1_1
TELKUQ_TELKUQ01,0.674543459622214,1_1
TERWIW_TERWIW01,1.9321579603273449,1_1
TETBBZ02_TETBBZ09,0.0,1_1
TETNIP_TETNIP01,4.784816220181256,1_1
TEVJOU_TEVJOU02,10.694055324580177,1_1
THBARB02_THBARB03,5.250944468571106e-06,1_1
TIBGAN_TIBGAN01,5.061777589436588,1_1
TICDOZ_TICDOZ01,0.6319841051863477,1_1
TIHVUC_TIHVUC01,3.638207860377861,1_1
TIJZIV_TIJZIV01,12.12495282425084,1_1
TIPQER_TIPQER03,14.075069205093996,1_1
TIPQER_TIPQER04,8.534660340766777,1_1
TIPQER03_TIPQER04,22.609729545860773,1_1
TIXVAY_TIXVAY01,1.5469419743233175,1_1
TIYDOW_TIYDOW01,0.91926631563706,1_1
TIYQAU_TIYQAU01,0.5657952499146859,1_1
TIZCUD_TIZCUD03,2.589189335086303,1_1
TIZWAA_TIZWAA02,0.6416459456872872,1_1
TNBENZ11_TNBENZ12,3.3933983634807987,1_1
TOHBUN_TOHBUN02,5.7952136399823075,1_1
TOKSAO01_TOKSAO02,0.10816009795735226,1_1
TOKSAO01_TOKSAO03,1.5186679650490191,1_1
TOKSAO02_TOKSAO03,1.4105078670916669,1_1
TOQKIV_TOQKIV01,31.811014836922993,1_1
TOQPUM_TOQPUM02,2.5941515295454565,1_1
TSCARB_TSCARB01,45.52577617525867,1_1
TUDLUZ_TUDLUZ01,1.8377974894970066,1_1
TUHXID_TUHXID01,3.5745919947594302,1_1
TUJHOX_TUJHOX01,6.7622115446810085,1_1
TUJHUD_TUJHUD01,10.333836724773278,1_1
TUMDIP_TUMDIP01,2.2924553254952116,1_1
TUPNOI_TUPNOI01,1.4830136745241589,1_1
TUVMUU_TUVMUU01,0.5429534008976589,1_1
TUWFIB_TUWFIB01,2.3126454200950093,1_1
TUZYIY_TUZYIY01,4.022843610152961,1_1
UBABAC_UBABAC01,4.642325084032393,1_1
UBEDUA_UBEDUA01,4.250763265075989,1_1
UCAYED_UCAYED02,1.0193214945450677,1_1
UCECAG_UCECAG03,0.04492230451944579,1_1
UDUQAM_UDUQAM01,0.8324147747937332,1_1
UFAGIS_UFAGIS01,1.0661105298215716,1_1
UFOGON_UFOGON01,3.4690468946080273,1_1
UGIVAI_UGIVAI01,0.8743912690208617,1_1
UHAVEG_UHAVEG01,0.14421871508659478,1_1
UHIBAO_UHIBAO01,9.91395101167467,1_1
UHUHAI_UHUHAI01,1.9450754204260647,1_1
UHULEQ_UHULEQ01,1.1713405703200124,1_1
UHULEQ_UHULEQ02,1.3765233948168998,1_1
UHULEQ01_UHULEQ02,2.547863965136912,1_1
UJEZIU_UJEZIU01,7.904960420303041,1_1
UJEZIU_UJEZIU02,1.589425190661359,1_1
UJEZIU01_UJEZIU02,6.315535229641682,1_1
UJICEX_UJICEX01,15.510220014556921,1_1
UJIWEQ_UJIWEQ01,0.36806884476618507,1_1
UKOYUO_UKOYUO01,15.81333398913489,1_1
ULIJIJ_ULIJIJ01,0.34289292556167084,1_1
UMOMAL_UMOMAL01,1.0553459796398101,1_1
UNEWUF_UNEWUF01,0.16532773511687537,1_1
UNOGIN03_UNOGIN04,1.4255152248782679,1_1
UQUDUH_UQUDUH01,2.567030114819886,1_1
UQUYIQ_UQUYIQ01,4.3899410200439775,1_1
URAQEK_URAQEK03,4.842892279688385,1_1
URAQEK_URAQEK05,3.654906039296975,1_1
URAQEK03_URAQEK05,1.1879862403914103,1_1
URUBOA01_URUBOA02,0.11512817529137465,1_1
UVEXID_UVEXID01,1.9723569907488354,1_1
UXIZAD_UXIZAD01,0.0,1_1
VALTEJ_VALTEJ01,4.876708719650765,1_1
VAMBOA01_VAMBOA03,3.2508415899291094,1_1
VAPKIG_VAPKIG01,4.275731769884601,1_1
VARFAX_VARFAX01,11.747195885455312,1_1
VAWZOJ_VAWZOJ02,4.967918590369663,1_1
VAYSET_VAYSET01,31.255159730252444,1_1
VAZRIX_VAZRIX01,15.142860055054598,1_1
VEBBUA_VEBBUA01,11.151627466994796,1_1
VEFWOS_VEFWOS01,0.4118753125421222,1_1
VEGMAV01_VEGMAV05,0.1480650722052701,1_1
VEMTOW_VEMTOW01,2.370642714838141,1_1
VENVOZ_VENVOZ01,15.059815490141887,1_1
VIMJIM_VIMJIM01,1.1664833947502302,1_1
VIMPAJ01_VIMPAJ03,1.4897008236427496,1_1
VIRVAV_VIRVAV01,1.5668983995063854,1_1
VISSOF_VISSOF01,1.4433161152691127,1_1
VITAAC01_VITAAC10,1.4094760454596553,1_1
VIZYUA_VIZYUA01,8.283925090056641,1_1
VOGCOL_VOGCOL01,1.1366577149688055,1_1
VOQXOP_VOQXOP01,0.013337540431962225,1_1
VOXFUJ_VOXFUJ01,1.158386353013043,1_1
VUGSIB_VUGSIB01,7.640651334868949,1_1
VUKGAJ01_VUKGAJ02,0.551381255121214,1_1
VUKGAJ01_VUKGAJ03,4.452375409725164,1_1
VUKGAJ02_VUKGAJ03,3.90099415460395,1_1
VUSDIX_VUSDIX01,1.921130859937307,1_1
VUSDIX_VUSDIX03,1.099296849881057,1_1
VUSDIX_VUSDIX04,3.501156760306003,1_1
VUSDIX_VUSDIX06,4.283949585135474,1_1
VUSDIX01_VUSDIX03,0.82183401005625,1_1
VUSDIX01_VUSDIX04,1.580025900368696,1_1
VUSDIX01_VUSDIX06,2.362818725198167,1_1
VUSDIX03_VUSDIX04,2.401859910424946,1_1
VUSDIX03_VUSDIX06,3.184652735254417,1_1
VUSDIX04_VUSDIX06,0.7827928248294711,1_1
VUXRIQ_VUXRIQ01,13.86870490495835,1_1
VUXZEU_VUXZEU01,0.7965241902753633,1_1
VUXZIZ_VUXZIZ02,0.2575352948363161,1_1
VUYPUC_VUYPUC01,0.14214456993363456,1_1
VUZWAO_VUZWAO01,2.7553887362379896,1_1
WACHEP_WACHEP02,0.0426643751161464,1_1
WADRID_WADRID01,0.6586066748146777,1_1
WAMFAS_WAMFAS01,0.43698822041301355,1_1
WAMFAS_WAMFAS02,0.8393723496418488,1_1
WAMFAS_WAMFAS04,0.04710147035268619,1_1
WAMFAS01_WAMFAS02,1.2763605700548624,1_1
WAMFAS01_WAMFAS04,0.38988675006032736,1_1
WAMFAS02_WAMFAS04,0.886473819994535,1_1
WAPBUK01_WAPBUK02,7.9441591350578165,1_1
WAPREL_WAPREL01,5.2545444250012,1_1
WECCUC_WECCUC01,7.542378869815593,1_1
WECGIW_WECGIW01,1.372480125788229,1_1
WECGIW_WECGIW02,5.335724885524542,1_1
WECGIW01_WECGIW02,3.9632447597363125,1_1
WEFTAD_WEFTAD01,0.7158425754462314,1_1
WEHXUD_WEHXUD01,1.8298947344960652,1_1
WEJNEE_WEJNEE01,30.002376150394753,1_1
WENVER_WENVER01,3.977763774613095,1_1
WEPDEB_WEPDEB01,5.295108400242043,1_1
WERTUI_WERTUI01,0.1913149341963276,1_1
WEZDIP_WEZDIP01,0.9302750365275188,1_1
WIMKAH_WIMKAH01,1.5418511299337752,1_1
WIRXAW01_WIRXAW02,6.731708486197988,1_1
WIRXAW01_WIRXAW03,5.887586606840387,1_1
WIRXAW02_WIRXAW03,0.8441218793576013,1_1
WIZHUJ_WIZHUJ01,7.54392791574594,1_1
WODQOX_WODQOX01,7.348118125625433,1_1
WODVUJ_WODVUJ01,0.8075250359430584,1_1
WOGRIT_WOGRIT01,1.2232729597292291,1_1
WOLXOK02_WOLXOK03,0.4959306953089708,1_1
WOLYUS_WOLYUS02,0.024028575898739746,1_1
WOSLUN_WOSLUN02,4.537572885151803,1_1
WUCGUW_WUCGUW02,1.101686055283949,1_1
WULDUD_WULDUD01,0.0,1_1
WULZIM_WULZIM01,11.287680875081264,1_1
WUTCEU_WUTCEU03,5.500054929849966,1_1
WUVYUH_WUVYUH01,8.979341275417141,1_1
WUWQUC_WUWQUC01,2.849113835325511,1_1
WUZQEO_WUZQEO01,8.93148891194636,1_1
XAFPAY_XAFPAY01,2.6130288748947805,1_1
XAFPAY_XAFPAY02,0.8469337902674852,1_1
XAFPAY_XAFPAY03,1.539908260183438,1_1
XAFPAY01_XAFPAY02,3.4599626651622657,1_1
XAFPAY01_XAFPAY03,4.1529371350782185,1_1
XAFPAY02_XAFPAY03,0.6929744699159528,1_1
XALPEI_XALPEI01,1.8392940253856978,1_1
XARMUA_XARMUA01,0.04430793834541191,1_1
XEBMIB01_XEBMIB02,0.578765220055061,1_1
XEDLIC_XEDLIC01,0.8971070947736735,1_1
XEHHEX_XEHHEX01,2.393642095174073,1_1
XEYZIL_XEYZIL01,1.1789807757096469,1_1
XILPUD_XILPUD01,0.8980391475653278,1_1
XILPUD_XILPUD02,1.528912666057181,1_1
XILPUD01_XILPUD02,0.6308735184918532,1_1
XILQOY_XILQOY01,5.451982024622112,1_1
XIMCON_XIMCON01,0.22499222263786578,1_1
XIMMEL_XIMMEL01,6.378618118426857,1_1
XIQBIL_XIQBIL01,0.24067958459829697,1_1
XIYXEL_XIYXEL01,0.9300308652218519,1_1
XIYXIN_XIYXIN01,1.0309813400117491,1_1
XOGMUE_XOGMUE01,3.6773278109656076,1_1
XOJXOL01_XOJXOL02,0.47641535364004994,1_1
XOKYAZ_XOKYAZ01,0.9380386397091343,1_1
XOPWEF_XOPWEF01,0.8927146337590557,1_1
XOPWEF_XOPWEF03,1.6558240852041877,1_1
XOPWEF01_XOPWEF03,0.763109451445132,1_1
XUJPEZ_XUJPEZ01,0.0,1_1
XUNRON_XUNRON01,0.798099490331083,1_1
XUZQUG_XUZQUG01,2.7863118750542526,1_1
YABHEP_YABHEP01,1.0351296297207,1_1
YACTEC_YACTEC01,4.689607713461669,1_1
YAFQEC_YAFQEC01,4.1188187628240485,1_1
YAMTUC_YAMTUC01,0.1944182749120955,1_1
YAPNEK_YAPNEK01,8.769012470419852,1_1
YAQBAV_YAQBAV01,9.831242511386733,1_1
YATCII_YATCII01,0.1919765594675482,1_1
YAXMUH_YAXMUH01,0.4145191911396182,1_1
YEHRUB_YEHRUB01,0.42837658074518004,1_1
YEJJEF_YEJJEF01,0.12866525310556653,1_1
YELHUS_YELHUS01,4.2659649098973205,1_1
YERRUI_YERRUI01,1.4990554794150057,1_1
YERRUI_YERRUI02,0.40986680509047346,1_1
YERRUI01_YERRUI02,1.0891886743245323,1_1
YEVLIX_YEVLIX01,2.226082685376241,1_1
YEWYAD_YEWYAD01,0.4639783603329306,1_1
YIBKUS_YIBKUS01,2.353629475669095,1_1
YICBER_YICBER01,1.0596780547930393,1_1
YIPPAR_YIPPAR01,2.597275874934553,1_1
YIQJEN_YIQJEN01,1.1907430148919502,1_1
YIQVEC01_YIQVEC02,1.2933212997792225,1_1
YIQVIE_YIQVIE01,0.4228105199115362,1_1
YIQXUU_YIQXUU01,0.5796578901662315,1_1
YITFAL_YITFAL01,3.6336263626760115,1_1
YIVRIF_YIVRIF01,0.46849421973649896,1_1
YIXBOZ_YIXBOZ01,13.783769979739986,1_1
YOFNAK_YOFNAK01,7.758113579452356,1_1
YOHYUS_YOHYUS01,0.0679479401746903,1_1
YOMBAF_YOMBAF01,0.00023629548593362415,1_1
YONHUH_YONHUH01,0.86892235274928,1_1
YONVOP_YONVOP03,0.7314774273650073,1_1
YONVOP_YONVOP04,1.3390050002011549,1_1
YONVOP03_YONVOP04,0.6075275728361476,1_1
YONWII_YONWII01,3.6769077300353956,1_1
YORYAH_YORYAH01,1.0691035998080451,1_1
YORYAH_YORYAH02,0.6822624303728162,1_1
YORYAH01_YORYAH02,1.7513660301808613,1_1
YOWXAK_YOWXAK01,35.094110694119934,1_1
YOWYOY_YOWYOY02,1.281690334805603,1_1
YUCCIJ01_YUCCIJ02,8.347094620022517,1_1
YUCCIJ01_YUCCIJ04,0.948514385557246,1_1
YUCCIJ02_YUCCIJ04,7.398580234465271,1_1
YUFVOL_YUFVOL01,0.6382590494929445,1_1
YUHHUE03_YUHHUE04,1.9608494238656817,1_1
YUKGUG01_YUKGUG02,0.9269065204297249,1_1
YUPXIR_YUPXIR01,18.128394869952103,1_1
YUTCEV_YUTCEV01,2.0284350449917383,1_1
YUTCEV_YUTCEV02,3.19473465489466,1_1
YUTCEV_YUTCEV03,3.3301579448691427,1_1
YUTCEV01_YUTCEV02,5.223169699886398,1_1
YUTCEV01_YUTCEV03,5.358592989860881,1_1
YUTCEV02_YUTCEV03,0.13542328997448294,1_1
ZAMWOC_ZAMWOC01,2.085775965109633,1_1
ZAQZUM_ZAQZUM01,0.5718338999292882,1_1
ZEARLN01_ZEARLN02,3.0825995501867283,1_1
ZECZIQ01_ZECZIQ02,1.0015468594735353,1_1
ZEHJUR01_ZEHJUR02,3.0801578353391506,1_1
ZEKPOW01_ZEKPOW02,0.7537285397565938,1_1
ZENVAP_ZENVAP03,4.978622753496097,1_1
ZEPFAB_ZEPFAB01,1.0133379803428397,1_1
ZILQOA_ZILQOA01,5.544328736459363,1_1
ZIPKOA_ZIPKOA01,8.082654259782771,1_1
ZISPUO_ZISPUO01,0.18241973964688896,1_1
ZIVGEQ_ZIVGEQ01,3.176723725531133,1_1
ZIVMIC_ZIVMIC01,2.790407654721548,1_1
ZOGQAN_ZOGQAN04,1.68517717431223,1_1
ZOGQAN_ZOGQAN05,3.5664004348278695,1_1
ZOGQAN04_ZOGQAN05,1.8812232605156396,1_1
ZOHLOA_ZOHLOA01,4.355389439796909,1_1
ZOYLII01_ZOYLII05,2.625472234285553e-06,1_1
ZOYMOP03_ZOYMOP04,0.06167036950040483,1_1
ZOYMOP03_ZOYMOP06,2.890825153573644,1_1
ZOYMOP03_ZOYMOP07,0.28944299648588867,1_1
ZOYMOP03_ZOYMOP08,0.5687253082690518,1_1
ZOYMOP04_ZOYMOP06,2.952495523074049,1_1
ZOYMOP04_ZOYMOP07,0.22777262698548384,1_1
ZOYMOP04_ZOYMOP08,0.5070549387686469,1_1
ZOYMOP06_ZOYMOP07,3.1802681500595327,1_1
ZOYMOP06_ZOYMOP08,3.4595504618426958,1_1
ZOYMOP07_ZOYMOP08,0.2792823117831631,1_1
ZUHXAB_ZUHXAB02,3.5840700498160913,1_1
ZULGEU01_ZULGEU02,0.765832095105111,1_1
ZULGEU01_ZULGEU03,0.5002627698652304,1_1
ZULGEU01_ZULGEU04,2.06149009024557,1_1
ZULGEU01_ZULGEU05,0.5007091049208157,1_1
ZULGEU02_ZULGEU03,1.2660948649703414,1_1
ZULGEU02_ZULGEU04,1.2956579951404592,1_1
ZULGEU02_ZULGEU05,1.2665412000259266,1_1
ZULGEU03_ZULGEU04,2.5617528601108006,1_1
ZULGEU03_ZULGEU05,0.000446335055585223,1_1
ZULGEU04_ZULGEU05,2.562199195166386,1_1
ZUMXIQ_ZUMXIQ02,0.44239674992775235,1_1
ZZZDDJ01_ZZZDDJ02,1.3762083351639376,1_1
ZZZPNG01_ZZZPNG02,1.3382173507702646,1_1
ZZZPUS07_ZZZPUS10,3.590843840413868,1_1
ZZZPUS07_ZZZPUS11,9.181636050010866,1_1
ZZZPUS07_ZZZPUS20,2.8523694549232914,1_1
ZZZPUS10_ZZZPUS11,12.772479890424734,1_1
ZZZPUS10_ZZZPUS20,0.7384743854905764,1_1
ZZZPUS11_ZZZPUS20,12.034005504934157,1_1
ZZZQPG01_ZZZQPG02,1.5583130151578644,1_1
ZZZZCB02_ZZZZCB03,1.2549154859967757,1_1
